Spectrum number, Filename/id, Peptide, E-value, Mass, gi, Accession, Start, Stop, Defline, Mods, Charge, Theo Mass, P-value, NIST score
5,1.1993.2014.4.dta,GSETGRDVPENGVPMQLALLLVDSK,46.5759,2623.44,0,11591,3115,3139,Rnd1gb|TGME49_005130 Rnd1gb|TGME49_005130,,3,2624.35,0.0182222,0
93,1.2329.2329.1.dta,FLLPAEESETRQATENK,20.5806,1960.6,0,982,1577,1593,gb|TGME49_059150 gb|TGME49_059150,,3,1961.97,0.00533453,0
146,1.2558.2828.1.dta,LQLLTALKPGSPHIPGSQLGPIGGLR,80.6072,2619.4,0,5646,40,65,gb|TGME49_118540 gb|TGME49_118540,,3,2619.52,0.030111,0
157,1.2604.2847.1.dta,IRQTTGGTSGVGLSPmSCLGVR,36.1336,2248.63,0,30241,709,730,Rnd3gb|TGME49_106470 Rnd3gb|TGME49_106470,oxidation of M:16,3,2249.12,0.0113807,0
191,1.2737.2747.3.dta,VQVNQQQSRPNANVR,2.12066e-06,1736.57,0,6652,173,187,gb|TGME49_014770 gb|TGME49_014770,,3,1736.9,4.59316e-10,0
191,1.2737.2747.3.dta,AVTAPQTRSEESGFEK,32.4767,1736.57,0,11961,551,566,Rnd1gb|TGME49_032450 Rnd1gb|TGME49_032450,,3,1735.84,0.00703416,0
227,1.2870.2992.3.dta,SSPSSSDGAEDLR,22.3189,1307.35,0,19085,946,958,Rnd2gb|TGME49_049020 Rnd2gb|TGME49_049020,,3,1306.56,0.00359055,0
230,1.2882.2894.3.dta,LTQSAmRNEYYK,0.143593,1519.61,0,3388,258,269,gb|TGME49_002500 gb|TGME49_002500,oxidation of M:6,3,1518.71,2.60038e-05,0
230,1.2882.2894.3.dta,LTQSAmRNEYYK,0.143593,1519.61,0,3389,258,269,gb|TGME49_002510 gb|TGME49_002510,oxidation of M:6,3,1518.71,2.60038e-05,0
230,1.2882.2894.3.dta,TQLSAAVNGEAAPYK,0.484671,1519.61,0,10367,1222,1236,Rnd1gb|TGME49_038390 Rnd1gb|TGME49_038390,,3,1518.77,8.7771e-05,0
244,1.2947.3052.1.dta,NEEERGEAASDASLPPLPR,26.2384,2038.06,0,3728,2948,2966,gb|TGME49_029310 gb|TGME49_029310,,3,2036.98,0.00702312,0
246,1.2954.3288.1.dta,LAEKSLFSEEIR,14.1117,1420.96,0,29486,671,682,Rnd3gb|TGME49_008840 Rnd3gb|TGME49_008840,,3,1420.76,0.00243515,0
253,1.2980.2980.1.dta,QPIPPDCCLPVLPPTSAASPLPPPRRPALDVAVR,9.85117,3655.03,0,7079,2706,2739,gb|TGME49_010700 gb|TGME49_010700,,3,3653.95,0.00702651,0
254,1.2989.3001.3.dta,TWEHFLSSVSPAR,66.5416,1514.69,0,12501,437,449,Rnd1gb|TGME49_065260 Rnd1gb|TGME49_065260,,3,1515.75,0.0126169,0
263,1.3029.3204.3.dta,SKLLSVGCTDALLR,9.07849,1530.79,0,30260,1666,1679,Rnd3gb|TGME49_106660 Rnd3gb|TGME49_106660,,3,1531.84,0.00171034,0
263,1.3029.3204.3.dta,ELAQSSSPVDDGNGR,13.236,1530.79,0,22566,2207,2221,Rnd2gb|TGME49_019740 Rnd2gb|TGME49_019740,,3,1530.69,0.00249359,0
263,1.3029.3204.3.dta,SAIWAEQCRAVIK,60.3886,1530.79,0,25053,36,48,Rnd3gb|TGME49_060480 Rnd3gb|TGME49_060480,,3,1530.8,0.0113769,0
263,1.3029.3204.3.dta,QQSPSASAHPFFAR,97.3713,1530.79,0,26091,429,442,Rnd3gb|TGME49_025960 Rnd3gb|TGME49_025960,,3,1529.74,0.0183442,0
266,1.3036.3118.1.dta,LVSQEGDLSLSQYQSRPYVCNGLLR,56.2197,2882.77,0,25351,1315,1339,Rnd3gb|TGME49_068020 Rnd3gb|TGME49_068020,,3,2881.44,0.0263571,0
275,1.3071.3071.2.dta,TFFEEQISEGGQTTPSMLPK,87.5224,2227.05,0,16922,143,162,Rnd2gb|TGME49_058690 Rnd2gb|TGME49_058690,,3,2226.05,0.0259633,0
276,1.3071.3071.3.dta,TFFEEQISEGGQTTPSMLPK,87.5207,2227.06,0,16922,143,162,Rnd2gb|TGME49_058690 Rnd2gb|TGME49_058690,,3,2226.05,0.0259628,0
277,1.3083.3351.2.dta,TQAIPADPGDAPRGQSSSLNEK,49.6028,2238.44,0,7682,39,60,gb|TGME49_012270 gb|TGME49_012270,,3,2238.09,0.0148467,0
283,1.3111.3111.2.dta,ALPTTERGGLLAASFSAVLADR,27.4185,2215.95,0,12305,230,251,Rnd1gb|TGME49_090650 Rnd1gb|TGME49_090650,,3,2215.2,0.0078093,0
284,1.3115.3132.3.dta,mNLGNTASVSVSAEEK,24.6147,1653.04,0,18027,27,42,Rnd2gb|TGME49_025150 Rnd2gb|TGME49_025150,oxidation of M:1,3,1651.77,0.00520396,0
286,1.3129.3129.2.dta,LQHYEGGQSLLHYAQVVmDSLSTEVAR,88.2527,3045.82,0,8330,1207,1233,Rnd1gb|TGME49_112630 Rnd1gb|TGME49_112630,oxidation of M:18,3,3046.48,0.0450729,0
291,1.3143.3143.2.dta,ETACGmTLSNQPAHSLAFVRASALPR,7.87843,2799.09,0,992,852,877,gb|TGME49_059250 gb|TGME49_059250,oxidation of M:6,3,2800.37,0.00339441,0
292,1.3143.3143.3.dta,ETACGmTLSNQPAHSLAFVRASALPR,7.87815,2799.1,0,992,852,877,gb|TGME49_059250 gb|TGME49_059250,oxidation of M:6,3,2800.37,0.00339429,0
295,1.3155.3155.1.dta,EDPSTLSISVSLAALSGSVAAFSmCWGHGPGGCR,11.7483,3479.2,0,17859,738,771,Rnd2gb|TGME49_074190 Rnd2gb|TGME49_074190,oxidation of M:24,3,3479.59,0.00761887,0
296,1.3160.3629.2.dta,LVDATEITGSASGLIK,55.833,1575.34,0,11990,80,95,Rnd1gb|TGME49_032750 Rnd1gb|TGME49_032750,,3,1573.86,0.0108435,0
301,1.3197.3202.2.dta,TmNEGGANQK,20.8879,1064.16,0,3964,98,107,gb|TGME49_032410 gb|TGME49_032410,oxidation of M:2,2,1064.46,0.00298229,0
310,1.3237.3244.3.dta,TVSAAMGRLSDTR,84.6344,1363.27,0,12802,651,663,Rnd1gb|TGME49_035610 Rnd1gb|TGME49_035610,,3,1363.69,0.0137662,0
314,1.3251.3442.2.dta,LHEATFAAAR,2.31039,1085.37,0,7779,279,288,gb|TGME49_108080 gb|TGME49_108080,,2,1085.56,0.000330151,0
316,1.3265.3668.2.dta,VPDACVWGRATASR,3.79436,1543.54,0,417,427,440,gb|TGME49_113540 gb|TGME49_113540,,3,1544.75,0.000736198,0
317,1.3267.3407.1.dta,LLGSTVQDSAVQR,78.4663,1371.55,0,9750,639,651,Rnd1gb|TGME49_072720 Rnd1gb|TGME49_072720,,3,1372.73,0.0131898,0
323,1.3295.3295.2.dta,VVDLASQGSVDSESVNGLSCFNLER,75.2053,2681.81,0,28954,603,627,Rnd3gb|TGME49_083730 Rnd3gb|TGME49_083730,,3,2681.26,0.0302151,0
324,1.3297.3379.3.dta,ELSEVALGRHQEWSVPADHR,23.7564,2315.68,0,8392,1429,1448,Rnd1gb|TGME49_113360 Rnd1gb|TGME49_113360,,3,2315.14,0.00755129,0
324,1.3297.3379.3.dta,LQWLAAAKHLPEVASPSGPSTR,60.8987,2315.68,0,11941,283,304,Rnd1gb|TGME49_032250 Rnd1gb|TGME49_032250,,3,2315.24,0.0193575,0
325,1.3302.3461.3.dta,GAVNFmGWGGEVAVARSR,59.7228,1879.82,0,28340,1,18,Rnd3gb|TGME49_091340 Rnd3gb|TGME49_091340,oxidation of M:6,3,1878.91,0.0143703,0
326,1.3304.3356.1.dta,QNEVDEVTGEK,83.5949,1245.88,0,4920,66,76,gb|TGME49_037150 gb|TGME49_037150,,2,1246.57,0.0120662,0
328,1.3309.3309.2.dta,SVVAGANSQPTPGTQSSKAPASDVDGSSK,29.4334,2730.7,0,1405,129,157,gb|TGME49_068590 gb|TGME49_068590,,3,2729.31,0.0124244,0
329,1.3309.3309.3.dta,SVVAGANSQPTPGTQSSKAPASDVDGSSK,29.4334,2730.7,0,1405,129,157,gb|TGME49_068590 gb|TGME49_068590,,3,2729.31,0.0124244,0
336,1.3349.3463.2.dta,LSWPRGSPTGRPAPPPLSMAISNLNGR,24.835,2828.89,0,12245,43,69,Rnd1gb|TGME49_089740 Rnd1gb|TGME49_089740,,3,2828.49,0.0108592,0
342,1.3393.3416.2.dta,GDFGDSEGMLVPLWRR,1.01574,1834.82,0,12096,2258,2273,Rnd1gb|TGME49_088000 Rnd1gb|TGME49_088000,,3,1833.88,0.000237599,0
342,1.3393.3416.2.dta,GGQSVAMPPQSCGEDCR,22.692,1834.82,0,24585,2045,2061,Rnd3gb|TGME49_115760 Rnd3gb|TGME49_115760,,3,1834.74,0.00530808,0
342,1.3393.3416.2.dta,TTFPASTCSGLGRPLNR,81.072,1834.82,0,2476,390,406,gb|TGME49_039840 gb|TGME49_039840,,3,1833.91,0.0189642,0
343,1.3393.3416.3.dta,GDFGDSEGMLVPLWRR,1.01573,1834.82,0,12096,2258,2273,Rnd1gb|TGME49_088000 Rnd1gb|TGME49_088000,,3,1833.88,0.000237598,0
343,1.3393.3416.3.dta,GGQSVAMPPQSCGEDCR,22.6917,1834.82,0,24585,2045,2061,Rnd3gb|TGME49_115760 Rnd3gb|TGME49_115760,,3,1834.74,0.00530801,0
343,1.3393.3416.3.dta,TTFPASTCSGLGRPLNR,81.0713,1834.82,0,2476,390,406,gb|TGME49_039840 gb|TGME49_039840,,3,1833.91,0.0189641,0
344,1.3400.3559.2.dta,LSTSKESFGSILHDSK,2.49234,1733.94,0,29175,57,72,Rnd3gb|TGME49_052350 Rnd3gb|TGME49_052350,,3,1734.88,0.000535067,0
344,1.3400.3559.2.dta,EPKDELAPPEEGPLSK,27.4437,1733.94,0,9193,809,824,Rnd1gb|TGME49_062450 Rnd1gb|TGME49_062450,,3,1734.87,0.00589173,0
344,1.3400.3559.2.dta,QTFESHNVVTISEDK,73.5489,1733.94,0,28696,1130,1144,Rnd3gb|TGME49_034240 Rnd3gb|TGME49_034240,,3,1732.83,0.0157898,0
345,1.3402.3843.2.dta,LICSARPSVHQIVSDAVAGTNAR,43.5451,2421.71,0,10218,249,271,Rnd1gb|TGME49_027290 Rnd1gb|TGME49_027290,,3,2421.25,0.0148872,0
349,1.3435.3801.1.dta,YmGGEGEQLATDMIVADL,9.67926,1928.95,0,15053,350,367,Rnd1gb|TGME49_097860 Rnd1gb|TGME49_097860,oxidation of M:2,3,1927.85,0.00241077,0
351,1.3440.3640.3.dta,GQVIAPALLFEK,57.6808,1285.31,0,27462,260,271,Rnd3gb|TGME49_003480 Rnd3gb|TGME49_003480,,3,1284.74,0.00901263,0
351,1.3440.3640.3.dta,RPSQGEESELR,83.0355,1285.31,0,11486,369,379,Rnd1gb|TGME49_003580 Rnd1gb|TGME49_003580,,3,1286.62,0.0129743,0
357,1.3472.3549.2.dta,LLGESPEEAR,0.0315677,1098.26,0,7779,289,298,gb|TGME49_108080 gb|TGME49_108080,,2,1099.55,4.86855e-06,0
357,1.3472.3549.2.dta,LLFRADLPR,65.2313,1098.26,0,14863,120,128,Rnd1gb|TGME49_017180 Rnd1gb|TGME49_017180,,2,1099.65,0.0100604,0
357,1.3472.3549.2.dta,DPAESSEPLR,96.1609,1098.26,0,21389,612,621,Rnd2gb|TGME49_054960 Rnd2gb|TGME49_054960,,2,1099.52,0.0148305,0
358,1.3477.3477.2.dta,TRWFQVLPAGSTLETPSGDVEER,89.3944,2574.82,0,30622,255,277,Rnd3gb|TGME49_014580 Rnd3gb|TGME49_014580,,3,2574.27,0.0341461,0
359,1.3477.3477.3.dta,TRWFQVLPAGSTLETPSGDVEER,89.3944,2574.82,0,30622,255,277,Rnd3gb|TGME49_014580 Rnd3gb|TGME49_014580,,3,2574.27,0.0341461,0
360,1.3479.3479.2.dta,VLSLADLEAQSSTVAFSNEEDELR,13.5203,2623.36,0,5579,1273,1296,gb|TGME49_009770 gb|TGME49_009770,,3,2622.27,0.00528962,0
361,1.3479.3479.3.dta,VLSLADLEAQSSTVAFSNEEDELR,13.5203,2623.36,0,5579,1273,1296,gb|TGME49_009770 gb|TGME49_009770,,3,2622.27,0.00528962,0
375,1.3528.3547.2.dta,LVLEDSSASSTHVR,0.0938952,1499.32,0,6444,1172,1185,gb|TGME49_078870 gb|TGME49_078870,,3,1499.76,1.76594e-05,0
375,1.3528.3547.2.dta,FPLPDSEPCLLGR,6.89073,1499.32,0,19794,43,55,Rnd2gb|TGME49_030440 Rnd2gb|TGME49_030440,,3,1499.74,0.00129598,0
375,1.3528.3547.2.dta,MVMRPPTEQTRR,10.5532,1499.32,0,11118,107,118,Rnd1gb|TGME49_049380 Rnd1gb|TGME49_049380,,3,1500.77,0.0019848,0
375,1.3528.3547.2.dta,TPQKDAGELEGVTR,22.8646,1499.32,0,2574,342,355,gb|TGME49_041120 gb|TGME49_041120,,3,1499.76,0.00430029,0
377,1.3542.3542.3.dta,CIGSYSGSGSPPWIPKAACIGTQR,4.79128,2550.7,0,23877,179,202,Rnd2gb|TGME49_087500 Rnd2gb|TGME49_087500,,3,2549.21,0.00180939,0
382,1.3568.3580.2.dta,ALmDPSLGR,0.67679,974.163,0,1931,1134,1142,gb|TGME49_023920 gb|TGME49_023920,oxidation of M:3,2,974.485,7.22681e-05,0
384,1.3575.3575.2.dta,VQVVKEQASPIPALTIGPTLR,81.7018,2217.2,0,19736,2167,2187,Rnd2gb|TGME49_029630 Rnd2gb|TGME49_029630,,3,2216.29,0.0237092,0
385,1.3575.3575.3.dta,VQVVKEQASPIPALTIGPTLR,81.7027,2217.19,0,19736,2167,2187,Rnd2gb|TGME49_029630 Rnd2gb|TGME49_029630,,3,2216.29,0.0237094,0
391,1.3594.3601.3.dta,mEPALASPFQPR,27.8678,1357.39,0,21782,128,139,Rnd2gb|TGME49_020930 Rnd2gb|TGME49_020930,oxidation of M:1,3,1358.67,0.0046454,0
391,1.3594.3601.3.dta,ATDKSNPEALALK,89.7393,1357.39,0,21226,151,163,Rnd2gb|TGME49_053300 Rnd2gb|TGME49_053300,,3,1356.73,0.014959,0
397,1.3619.3631.2.dta,IEFVLSFCVVCMRR,30.6113,1815.96,0,21106,892,905,Rnd2gb|TGME49_086410 Rnd2gb|TGME49_086410,,3,1814.9,0.00694922,0
403,1.3647.3647.2.dta,NDLGYELSAGRLEAK,33.2602,1633.95,0,25943,2289,2303,Rnd3gb|TGME49_024260 Rnd3gb|TGME49_024260,,3,1634.83,0.00664939,0
404,1.3647.3647.3.dta,NDLGYELSAGRLEAK,33.2602,1633.95,0,25943,2289,2303,Rnd3gb|TGME49_024260 Rnd3gb|TGME49_024260,,3,1634.83,0.00664939,0
407,1.3654.3673.3.dta,GRSTGAECVTER,21.5948,1322.29,0,15642,762,773,Rnd1gb|TGME49_099270 Rnd1gb|TGME49_099270,,3,1321.6,0.00362999,0
407,1.3654.3673.3.dta,QAGPESSHLPSGR,34.048,1322.29,0,21808,403,415,Rnd2gb|TGME49_021400 Rnd2gb|TGME49_021400,,3,1321.64,0.00572332,0
407,1.3654.3673.3.dta,SSLAATSFVAQSR,43.6275,1322.29,0,30176,184,196,Rnd3gb|TGME49_105620 Rnd3gb|TGME49_105620,,3,1323.68,0.00733359,0
407,1.3654.3673.3.dta,GSWAGAEEFNQK,48.8027,1322.29,0,16201,1560,1571,Rnd2gb|TGME49_111210 Rnd2gb|TGME49_111210,,3,1322.59,0.00820351,0
407,1.3654.3673.3.dta,SKEGQEEmDVR,64.7663,1322.29,0,1938,1193,1203,gb|TGME49_023990 gb|TGME49_023990,oxidation of M:8,3,1322.58,0.0108869,0
407,1.3654.3673.3.dta,IRSHTAEGAQVR,71.5478,1322.29,0,25665,314,325,Rnd3gb|TGME49_071880 Rnd3gb|TGME49_071880,,3,1323.7,0.0120269,0
407,1.3654.3673.3.dta,IFVAYAQLELR,85.139,1322.29,0,1466,571,581,gb|TGME49_069200 gb|TGME49_069200,,3,1321.74,0.0143115,0
407,1.3654.3673.3.dta,LGHLEDEKVER,94.2352,1322.29,0,27169,630,640,Rnd3gb|TGME49_050050 Rnd3gb|TGME49_050050,,3,1323.68,0.0158405,0
408,1.3659.3680.3.dta,ILFKFVCELWSSR,67.1066,1683.22,0,27429,1697,1709,Rnd3gb|TGME49_003150 Rnd3gb|TGME49_003150,,3,1683.88,0.0145095,0
409,1.3666.3666.2.dta,ETGTSPRASSASRPSGTPAGSASSDDGDTSLPPR,95.0577,3257.14,0,987,87,120,gb|TGME49_059200 gb|TGME49_059200,,3,3258.5,0.0565483,0
410,1.3666.3666.3.dta,ETGTSPRASSASRPSGTPAGSASSDDGDTSLPPR,95.4548,3257.12,0,987,87,120,gb|TGME49_059200 gb|TGME49_059200,,3,3258.5,0.056549,0
415,1.3678.4011.2.dta,TQLTPHLLPSEAPREATELEMPK,54.1403,2586.89,0,5803,492,514,gb|TGME49_021200 gb|TGME49_021200,,3,2587.34,0.0203841,0
415,1.3678.4011.2.dta,HCSLVLENmALESSAKEVLDEAK,97.9846,2586.89,0,26901,60,82,Rnd3gb|TGME49_046920 Rnd3gb|TGME49_046920,oxidation of M:9,3,2588.25,0.0368918,0
421,1.3696.3710.2.dta,KSASAFAADIANAGR,10.5305,1449.28,0,26995,842,856,Rnd3gb|TGME49_048160 Rnd3gb|TGME49_048160,,3,1448.74,0.00183714,0
421,1.3696.3710.2.dta,SQSSTGTAAPGCVAR,30.3247,1449.28,0,5458,1742,1756,gb|TGME49_008020 gb|TGME49_008020,,3,1448.67,0.00529042,0
421,1.3696.3710.2.dta,SEQRTPSmSAWR,48.8604,1449.28,0,6683,903,914,gb|TGME49_015080 gb|TGME49_015080,oxidation of M:8,3,1450.66,0.00852415,0
421,1.3696.3710.2.dta,GCEAQTNAGEEQR,71.727,1449.28,0,24570,769,781,Rnd3gb|TGME49_115600 Rnd3gb|TGME49_115600,,3,1448.6,0.0125134,0
421,1.3696.3710.2.dta,QSAFAPmEELKGK,76.0687,1449.28,0,8777,167,179,Rnd1gb|TGME49_056840 Rnd1gb|TGME49_056840,oxidation of M:7,3,1450.71,0.0132709,0
422,1.3696.3710.3.dta,KSASAFAADIANAGR,10.4765,1449.28,0,26995,842,856,Rnd3gb|TGME49_048160 Rnd3gb|TGME49_048160,,3,1448.74,0.00183701,0
422,1.3696.3710.3.dta,SQSSTGTAAPGCVAR,30.1703,1449.28,0,5458,1742,1756,gb|TGME49_008020 gb|TGME49_008020,,3,1448.67,0.00529026,0
422,1.3696.3710.3.dta,SEQRTPSmSAWR,48.6108,1449.28,0,6683,903,914,gb|TGME49_015080 gb|TGME49_015080,oxidation of M:8,3,1450.66,0.00852373,0
422,1.3696.3710.3.dta,GCEAQTNAGEEQR,71.3608,1449.28,0,24570,769,781,Rnd3gb|TGME49_115600 Rnd3gb|TGME49_115600,,3,1448.6,0.0125129,0
422,1.3696.3710.3.dta,QSAFAPmEELKGK,75.6797,1449.28,0,8777,167,179,Rnd1gb|TGME49_056840 Rnd1gb|TGME49_056840,oxidation of M:7,3,1450.71,0.0132702,0
430,1.3724.3734.2.dta,ALADDFR,0.336069,806.053,0,30044,295,301,Rnd3gb|TGME49_094330 Rnd3gb|TGME49_094330,,2,806.392,3.74284e-05,0
430,1.3724.3734.2.dta,ALDADFR,69.0755,806.053,0,9365,1384,1390,Rnd1gb|TGME49_068020 Rnd1gb|TGME49_068020,,2,806.392,0.007693,0
430,1.3724.3734.2.dta,ALEGDFR,69.0755,806.053,0,29405,27,33,Rnd3gb|TGME49_007690 Rnd3gb|TGME49_007690,,2,806.392,0.007693,0
437,1.3750.3750.2.dta,KDVSEMTVESVQR,3.74993,1506.45,0,3931,4486,4498,gb|TGME49_032080 gb|TGME49_032080,,3,1506.73,0.000692124,0
437,1.3750.3750.2.dta,ECGAADCPAGKSER,3.84514,1506.45,0,6763,308,321,gb|TGME49_015990 gb|TGME49_015990,,3,1506.62,0.000709697,0
437,1.3750.3750.2.dta,ADEGPMDIRLSmR,7.7114,1506.45,0,9198,41,53,Rnd1gb|TGME49_062500 Rnd1gb|TGME49_062500,oxidation of M:12,3,1505.7,0.00142329,0
437,1.3750.3750.2.dta,QTEGGAGDSSEALER,10.7675,1506.45,0,2959,2591,2605,gb|TGME49_047390 gb|TGME49_047390,,3,1505.66,0.00198735,0
437,1.3750.3750.2.dta,REDDSISESEALR,11.489,1506.45,0,24023,52,64,Rnd3gb|TGME49_109240 Rnd3gb|TGME49_109240,,3,1505.7,0.00212052,0
437,1.3750.3750.2.dta,MSAEGALGSSGEEQR,22.7189,1506.45,0,21268,1061,1075,Rnd2gb|TGME49_053730 Rnd2gb|TGME49_053730,,3,1507.66,0.00419322,0
437,1.3750.3750.2.dta,AISASIFSADAGLER,57.2358,1506.45,0,31701,35,49,Rnd3gb|TGME49_106950 Rnd3gb|TGME49_106950,,3,1506.77,0.010564,0
438,1.3750.3750.3.dta,KDVSEMTVESVQR,3.7491,1506.46,0,3931,4486,4498,gb|TGME49_032080 gb|TGME49_032080,,3,1506.73,0.0006921,0
438,1.3750.3750.3.dta,ECGAADCPAGKSER,3.84424,1506.46,0,6763,308,321,gb|TGME49_015990 gb|TGME49_015990,,3,1506.62,0.000709662,0
438,1.3750.3750.3.dta,ADEGPMDIRLSmR,7.70968,1506.46,0,9198,41,53,Rnd1gb|TGME49_062500 Rnd1gb|TGME49_062500,oxidation of M:12,3,1505.7,0.00142324,0
438,1.3750.3750.3.dta,QTEGGAGDSSEALER,10.7651,1506.46,0,2959,2591,2605,gb|TGME49_047390 gb|TGME49_047390,,3,1505.66,0.00198729,0
438,1.3750.3750.3.dta,REDDSISESEALR,11.4864,1506.46,0,24023,52,64,Rnd3gb|TGME49_109240 Rnd3gb|TGME49_109240,,3,1505.7,0.00212044,0
438,1.3750.3750.3.dta,MSAEGALGSSGEEQR,22.7141,1506.46,0,21268,1061,1075,Rnd2gb|TGME49_053730 Rnd2gb|TGME49_053730,,3,1507.66,0.00419311,0
438,1.3750.3750.3.dta,AISASIFSADAGLER,57.2232,1506.46,0,31701,35,49,Rnd3gb|TGME49_106950 Rnd3gb|TGME49_106950,,3,1506.77,0.0105636,0
443,1.3759.3759.3.dta,TVVAEEGAAGLR,1.41922e-08,1172.3,0,6456,230,241,gb|TGME49_078990 gb|TGME49_078990,,2,1171.62,1.99861e-12,0
443,1.3759.3759.3.dta,SLTGQGQRGLR,0.586073,1172.3,0,23537,308,318,Rnd2gb|TGME49_121560 Rnd2gb|TGME49_121560,,2,1171.64,8.25339e-05,0
443,1.3759.3759.3.dta,MAAAAQIEVLR,29.078,1172.3,0,29029,452,462,Rnd3gb|TGME49_085490 Rnd3gb|TGME49_085490,,2,1171.64,0.00409491,0
443,1.3759.3759.3.dta,AEWAIGEKIR,41.8994,1172.3,0,5570,146,155,gb|TGME49_009680 gb|TGME49_009680,,2,1171.63,0.00590049,0
443,1.3759.3759.3.dta,RSATASVHTSR,57.8845,1172.3,0,19252,1380,1390,Rnd2gb|TGME49_051740 Rnd2gb|TGME49_051740,,2,1171.61,0.0081516,0
448,1.3769.3769.2.dta,GmmGLNMDRDATGAGSNSAQVTNK,64.471,2456.32,0,16398,2201,2224,Rnd2gb|TGME49_113490 Rnd2gb|TGME49_113490,"oxidation of M:2 ,oxidation of M:3",3,2457.07,0.0226851,0
456,1.3804.3811.2.dta,IIQVDQSLKEDR,0.0306481,1443.34,0,1529,101,112,gb|TGME49_069980 gb|TGME49_069980,,3,1442.77,5.32455e-06,0
456,1.3804.3811.2.dta,LLHSSPFFGERR,8.42287,1443.34,0,7059,128,139,gb|TGME49_097850 gb|TGME49_097850,,3,1444.76,0.00146332,0
456,1.3804.3811.2.dta,EPARLVYVLEVR,66.743,1443.34,0,23096,626,637,Rnd2gb|TGME49_011210 Rnd2gb|TGME49_011210,,3,1442.82,0.0115954,0
458,1.3813.3818.3.dta,KEEAELTEER,0.199164,1233.45,0,10026,144,153,Rnd1gb|TGME49_025070 Rnd1gb|TGME49_025070,,3,1232.59,2.93753e-05,0
458,1.3813.3818.3.dta,LSSCEAEGEPR,0.39369,1233.45,0,23280,428,438,Rnd2gb|TGME49_080460 Rnd2gb|TGME49_080460,,3,1233.53,5.80664e-05,0
458,1.3813.3818.3.dta,LSAVSQSKGSNR,7.01417,1233.45,0,18933,1095,1106,Rnd2gb|TGME49_047270 Rnd2gb|TGME49_047270,,3,1232.65,0.00103454,0
458,1.3813.3818.3.dta,DENVAGSETRR,7.30905,1233.45,0,1810,673,683,gb|TGME49_073560 gb|TGME49_073560,,3,1232.58,0.00107803,0
458,1.3813.3818.3.dta,KEmEASLAALR,9.24103,1233.45,0,8815,649,659,Rnd1gb|TGME49_057330 Rnd1gb|TGME49_057330,oxidation of M:3,3,1233.64,0.00136298,0
458,1.3813.3818.3.dta,KQmEASIAALR,28.7816,1233.45,0,5415,4817,4827,gb|TGME49_007480 gb|TGME49_007480,oxidation of M:3,3,1232.65,0.00424507,0
458,1.3813.3818.3.dta,EGRSSVCVSPR,51.606,1233.45,0,15197,137,147,Rnd1gb|TGME49_017830 Rnd1gb|TGME49_017830,,3,1232.59,0.0076115,0
458,1.3813.3818.3.dta,QEQAGASGTQEK,55.1203,1233.45,0,1402,120,131,gb|TGME49_068560 gb|TGME49_068560,,3,1232.57,0.00812984,0
463,1.3827.3827.3.dta,GEGAKGGPFAGVSPDVLR,49.868,1713.46,0,711,380,397,gb|TGME49_055300 gb|TGME49_055300,,3,1712.88,0.0108479,0
464,1.3829.4009.2.dta,RPVVLLQPAPAMDLQDVRFR,4.63896,2319.71,0,26014,2115,2134,Rnd3gb|TGME49_025090 Rnd3gb|TGME49_025090,,3,2320.28,0.00150177,0
464,1.3829.4009.2.dta,TRYEEALDLLEQTGAGLLGDR,34.2285,2319.71,0,9827,2621,2641,Rnd1gb|TGME49_073800 Rnd1gb|TGME49_073800,,3,2319.17,0.0110808,0
464,1.3829.4009.2.dta,AGEFLVLKEDADESALVEDNR,34.3761,2319.71,0,14790,612,632,Rnd1gb|TGME49_016330 Rnd1gb|TGME49_016330,,3,2319.12,0.0111285,0
468,1.3846.3846.2.dta,LLTEVVNLAEPDELAGRESVYTDLEQEK,38.1491,3160.97,0,31573,2,29,Rnd3gb|TGME49_100170 Rnd3gb|TGME49_100170,,3,3159.58,0.0204006,0
469,1.3846.3846.3.dta,LLTEVVNLAEPDELAGRESVYTDLEQEK,38.2101,3160.97,0,31573,2,29,Rnd3gb|TGME49_100170 Rnd3gb|TGME49_100170,,3,3159.58,0.0204005,0
470,1.3848.3853.2.dta,TYVSDAIAR,0.019563,994.123,0,6782,124,132,gb|TGME49_016180 gb|TGME49_016180,,2,994.508,2.91202e-06,0
472,1.3855.4007.2.dta,IALTPPADDEASR,87.993,1355.91,0,14493,41,53,Rnd1gb|TGME49_018720 Rnd1gb|TGME49_018720,,3,1354.67,0.0150699,0
473,1.3864.3864.4.dta,ADLLYPEADTTSAEQVGTESHGSSR,6.11799,2620.38,0,29323,1666,1690,Rnd3gb|TGME49_054370 Rnd3gb|TGME49_054370,,3,2620.19,0.00225839,0
473,1.3864.3864.4.dta,GTKPCVPAVYAEPGTSMMISLNALL,28.8209,2620.38,0,18961,551,575,Rnd2gb|TGME49_047550 Rnd2gb|TGME49_047550,,3,2619.31,0.010639,0
473,1.3864.3864.4.dta,VGTRESDCTMVAQIRPEVSQTEK,38.1373,2620.38,0,20678,1400,1422,Rnd2gb|TGME49_067710 Rnd2gb|TGME49_067710,,3,2620.26,0.014078,0
475,1.3869.3895.3.dta,SAEAVEETSGRR,0.227006,1290.31,0,6378,404,415,gb|TGME49_078210 gb|TGME49_078210,,3,1290.62,3.46839e-05,0
475,1.3869.3895.3.dta,SISGLGFRDSPR,2.88025,1290.31,0,14561,275,286,Rnd1gb|TGME49_019620 Rnd1gb|TGME49_019620,,3,1290.67,0.000440068,0
475,1.3869.3895.3.dta,GSLLESSCVALR,3.57456,1290.31,0,24661,661,672,Rnd3gb|TGME49_116650 Rnd3gb|TGME49_116650,,3,1290.66,0.000546152,0
475,1.3869.3895.3.dta,WTGLmVLNDAR,3.81322,1290.31,0,14564,234,244,Rnd1gb|TGME49_019650 Rnd1gb|TGME49_019650,oxidation of M:5,3,1290.64,0.000582615,0
475,1.3869.3895.3.dta,ADGNTDELGNER,5.61771,1290.31,0,7884,41,52,gb|TGME49_107620 gb|TGME49_107620,,3,1289.55,0.000858321,0
475,1.3869.3895.3.dta,ECLASWSLGLR,12.7795,1290.31,0,26503,371,381,Rnd3gb|TGME49_040520 Rnd3gb|TGME49_040520,,3,1290.64,0.00195256,0
475,1.3869.3895.3.dta,EADSALSCAPDR,18.7323,1290.31,0,24378,605,616,Rnd3gb|TGME49_113360 Rnd3gb|TGME49_113360,,3,1290.55,0.00286207,0
475,1.3869.3895.3.dta,VQGLLPPEAPDR,20.2635,1290.31,0,20692,2137,2148,Rnd2gb|TGME49_067850 Rnd2gb|TGME49_067850,,3,1290.69,0.00309603,0
475,1.3869.3895.3.dta,GPLPPQNEGPER,22.4083,1290.31,0,10917,179,190,Rnd1gb|TGME49_046940 Rnd1gb|TGME49_046940,,3,1289.64,0.00342373,0
475,1.3869.3895.3.dta,EALGSEGGAETDR,35.2873,1290.31,0,7576,150,162,gb|TGME49_099990 gb|TGME49_099990,,3,1290.57,0.00539149,0
475,1.3869.3895.3.dta,AVCVEAGmVALR,41.7754,1290.31,0,7608,614,625,gb|TGME49_100310 gb|TGME49_100310,oxidation of M:8,3,1290.64,0.0063828,0
475,1.3869.3895.3.dta,WASLEGTDTRR,58.8756,1290.31,0,23633,234,244,Rnd2gb|TGME49_099250 Rnd2gb|TGME49_099250,,3,1290.63,0.0089955,0
481,1.3897.3897.2.dta,CWVVPLCAVIPSLTEQTmRVLLR,5.77815,2756.91,0,1540,114,136,gb|TGME49_070090 gb|TGME49_070090,oxidation of M:18,3,2756.45,0.00251224,0
481,1.3897.3897.2.dta,SLYQAVAVVQAPTVmSICFGSEDDR,32.682,2756.91,0,11442,1956,1980,Rnd1gb|TGME49_003140 Rnd1gb|TGME49_003140,oxidation of M:15,3,2758.29,0.0142096,0
482,1.3897.3897.3.dta,CWVVPLCAVIPSLTEQTmRVLLR,5.79312,2756.92,0,1540,114,136,gb|TGME49_070090 gb|TGME49_070090,oxidation of M:18,3,2756.45,0.00251219,0
482,1.3897.3897.3.dta,SLYQAVAVVQAPTVmSICFGSEDDR,32.7666,2756.92,0,11442,1956,1980,Rnd1gb|TGME49_003140 Rnd1gb|TGME49_003140,oxidation of M:15,3,2758.29,0.0142093,0
483,1.3899.3986.3.dta,ALDWTMEVDSRLCEGPSAASDLAAVNFR,39.6754,3080.59,0,30394,394,421,Rnd3gb|TGME49_078580 Rnd3gb|TGME49_078580,,3,3080.43,0.0204723,0
485,1.3904.4072.2.dta,FGRFDQEGADNLR,0.00357628,1522.34,0,1931,762,774,gb|TGME49_023920 gb|TGME49_023920,,3,1523.71,6.79772e-07,0
485,1.3904.4072.2.dta,DEGMVLKFEDGER,47.4579,1522.34,0,199,3317,3329,gb|TGME49_111030 gb|TGME49_111030,,3,1523.69,0.0090207,0
488,1.3911.4130.2.dta,SEKGTINAHYK,6.26702,1246.67,0,30568,603,613,Rnd3gb|TGME49_019830 Rnd3gb|TGME49_019830,,3,1246.63,0.000893375,0
488,1.3911.4130.2.dta,EGSQESDARNR,45.8488,1246.67,0,11110,193,203,Rnd1gb|TGME49_049300 Rnd1gb|TGME49_049300,,3,1247.55,0.00653583,0
488,1.3911.4130.2.dta,EAALCSAAEGIR,53.886,1246.67,0,12780,752,763,Rnd1gb|TGME49_035390 Rnd1gb|TGME49_035390,,3,1246.6,0.00768155,0
488,1.3911.4130.2.dta,QGSGAGTGAGCAVR,65.7557,1246.67,0,23134,456,469,Rnd2gb|TGME49_011690 Rnd2gb|TGME49_011690,,3,1247.57,0.00937358,0
488,1.3911.4130.2.dta,EAACILR,77.6316,831.113,0,5154,415,421,gb|TGME49_086750 gb|TGME49_086750,,2,831.427,0.00700204,0
488,1.3911.4130.2.dta,AESLCPR,90.0508,831.113,0,21175,1631,1637,Rnd2gb|TGME49_052280 Rnd2gb|TGME49_052280,,2,831.391,0.00812219,0
491,1.3925.3925.2.dta,TEPEGASVDNIEmSDSSEAPVER,24.45,2465.18,0,13583,1869,1891,Rnd1gb|TGME49_009880 Rnd1gb|TGME49_009880,oxidation of M:13,3,2464.06,0.00862738,0
495,1.3937.4319.3.dta,GPASSVPVTYAPR,0.072144,1301.49,0,7779,418,430,gb|TGME49_108080 gb|TGME49_108080,,2,1300.68,1.09442e-05,0
495,1.3937.4319.3.dta,EADNGSTPSHQVPWAAER,17.3347,1952.23,0,29547,16,33,Rnd3gb|TGME49_009660 Rnd3gb|TGME49_009660,,3,1950.88,0.00436204,0
498,1.3951.3951.2.dta,VSTIGLWGRSmGAVTALLHADR,95.4515,2326.03,0,1665,145,166,gb|TGME49_071460 gb|TGME49_071460,oxidation of M:11,3,2326.22,0.0301394,0
500,1.3958.4154.3.dta,SGVGISSmGVmRPDLVmR,1.72438e-06,1938.76,0,7686,39,56,gb|TGME49_012310 gb|TGME49_012310,"oxidation of M:8 ,oxidation of M:11 ,oxidation of M:17",3,1938.93,4.39669e-10,0
500,1.3958.4154.3.dta,LSSPSAGmRDWATSAImK,39.8685,1938.76,0,23405,51,68,Rnd2gb|TGME49_020400 Rnd2gb|TGME49_020400,"oxidation of M:8 ,oxidation of M:17",3,1939.91,0.0101654,0
505,1.3983.3983.2.dta,VmQTLLSLLARQR,11.5441,1542.96,0,7400,2278,2290,gb|TGME49_020210 gb|TGME49_020210,oxidation of M:2,3,1543.89,0.00224594,0
506,1.3990.3990.2.dta,VLSGTSMASPIVAGLAALLVSLPFEDHMEIK,24.802,3194.61,0,3860,367,397,gb|TGME49_031060 gb|TGME49_031060,,3,3195.69,0.0134137,0
507,1.3993.4049.3.dta,LGFQQEDmELTPGNTFESGKGAALR,48.9319,2710.64,0,2795,350,374,gb|TGME49_044530 gb|TGME49_044530,oxidation of M:8,3,2711.29,0.0197306,0
508,1.3995.4179.2.dta,SCAPELWVQAGEGQSTPLGELSR,72.2391,2469.97,0,8851,268,290,Rnd1gb|TGME49_057710 Rnd1gb|TGME49_057710,,3,2471.18,0.0251266,0
523,1.4046.4060.3.dta,eIEDAKLHVAMR,70.9642,1453.51,0,31543,1,12,Rnd3gb|TGME49_121690 Rnd3gb|TGME49_121690,acetylation of protein n-term:1,3,1452.74,0.0130019,0
527,1.4074.4074.3.dta,LTPPEAHGDTGK,4.82115,1221.34,0,28174,1396,1407,Rnd3gb|TGME49_089070 Rnd3gb|TGME49_089070,,3,1221.6,0.000757685,0
529,1.4088.4637.2.dta,FESKNQSGTGR,77.4899,1209.4,0,29372,769,779,Rnd3gb|TGME49_054860 Rnd3gb|TGME49_054860,,2,1209.57,0.0128401,0
532,1.4107.4177.2.dta,GSPFLGGPGCPAEAYTSEEPLLER,6.79387,2532.64,0,10105,3779,3802,Rnd1gb|TGME49_025960 Rnd1gb|TGME49_025960,,3,2533.18,0.00251067,0
535,1.4121.4462.2.dta,TRTDGEVDLGGDLSEDEVEIR,14.3929,2304.97,0,2150,579,599,gb|TGME49_026440 gb|TGME49_026440,,3,2304.07,0.0046594,0
539,1.4149.4364.2.dta,SAEGRmSLASSMTEPEAK,76.2611,1898.06,0,10105,1944,1961,Rnd1gb|TGME49_025960 Rnd1gb|TGME49_025960,oxidation of M:6,3,1896.86,0.0183232,0
545,1.4182.4193.2.dta,QFPTPAYSPR,61.5348,1162.12,0,5926,310,319,gb|TGME49_022860 gb|TGME49_022860,,2,1162.58,0.00836981,0
548,1.4191.4191.3.dta,FLSGAAFEDSILESVNTNDR,64.7913,2183.27,0,13042,532,551,Rnd1gb|TGME49_085480 Rnd1gb|TGME49_085480,,3,2184.03,0.0184486,0
548,1.4191.4191.3.dta,SmSGNSLMSSPVLDISSADNR,76.2444,2183.27,0,9232,37,57,Rnd1gb|TGME49_062860 Rnd1gb|TGME49_062860,oxidation of M:2,3,2182.98,0.0217097,0
554,1.4238.4245.2.dta,IGGIGTVPVGR,6.50875e-05,1024.2,0,5121,242,252,gb|TGME49_086420 gb|TGME49_086420,,2,1024.6,1.02791e-08,0
554,1.4238.4245.2.dta,IGGIGTVPVGR,6.50875e-05,1024.2,0,6102,242,252,gb|TGME49_094800 gb|TGME49_094800,,2,1024.6,1.02791e-08,0
556,1.4247.4441.3.dta,VSAQDPLGACISGR,5.6679,1431.16,0,6444,1377,1390,gb|TGME49_078870 gb|TGME49_078870,,2,1429.7,0.000953229,0
556,1.4247.4441.3.dta,GPLGSLLSEADSKPKSCLCK,32.7399,2146.74,0,20692,2312,2331,Rnd2gb|TGME49_067850 Rnd2gb|TGME49_067850,,3,2146.07,0.00933558,0
560,1.4259.4399.1.dta,MSIPVGEGSmVYGTSR,40.8474,1687.03,0,21631,42,57,Rnd2gb|TGME49_118530 Rnd2gb|TGME49_118530,oxidation of M:10,3,1685.77,0.00863215,0
562,1.4263.4263.3.dta,FLAELDLSPADGKMGDSLAR,32.0413,2106.52,0,13437,733,752,Rnd1gb|TGME49_007880 Rnd1gb|TGME49_007880,,3,2105.05,0.00881224,0
567,1.4282.4431.1.dta,EGPGRPLCKTYR,1.29844,1432.09,0,18650,329,340,Rnd2gb|TGME49_043110 Rnd2gb|TGME49_043110,,3,1432.72,0.000220298,0
567,1.4282.4431.1.dta,YSLSNLMPALPAR,17.9855,1432.09,0,23330,1,13,Rnd2gb|TGME49_095410 Rnd2gb|TGME49_095410,,3,1431.75,0.00305149,0
567,1.4282.4431.1.dta,SDHPELMQHLAR,56.9191,1432.09,0,2083,27,38,gb|TGME49_025570 gb|TGME49_025570,,3,1432.69,0.00965713,0
568,1.4287.4301.2.dta,VPASSTTTSASEGIFR,1.86672e-11,1609.42,0,7779,80,95,gb|TGME49_108080 gb|TGME49_108080,,2,1609.8,3.82367e-15,0
570,1.4303.4315.1.dta,MDPGIGLSERR,19.6421,1229.74,0,28079,509,519,Rnd3gb|TGME49_087970 Rnd3gb|TGME49_087970,,3,1229.62,0.00287501,0
572,1.4317.4317.2.dta,ITDETNTTLAAGDGDSDETSGDETAER,20.9692,2770.25,0,3516,24,50,gb|TGME49_003810 gb|TGME49_003810,,3,2770.16,0.00867571,0
573,1.4317.4317.3.dta,ITDETNTTLAAGDGDSDETSGDETAER,20.9695,2770.24,0,3516,24,50,gb|TGME49_003810 gb|TGME49_003810,,3,2770.16,0.00867583,0
575,1.4338.4396.2.dta,mKEDLTQLIK,0.00194699,1234.64,0,1931,184,193,gb|TGME49_023920 gb|TGME49_023920,oxidation of M:1,2,1233.66,2.89688e-07,0
579,1.4366.4366.3.dta,TRPGQFITLAPPVLGVTSKQR,97.7832,2266.66,0,14423,211,231,Rnd1gb|TGME49_078730 Rnd1gb|TGME49_078730,,3,2265.3,0.0304906,0
583,1.4380.4380.2.dta,HGSLGFLPR,0.00109595,982.263,0,2232,11,19,gb|TGME49_027360 gb|TGME49_027360,,2,982.534,1.73027e-07,0
583,1.4380.4380.2.dta,ASYPAVISILTLAR,88.9023,1473.39,0,29094,345,358,Rnd3gb|TGME49_086250 Rnd3gb|TGME49_086250,,3,1473.86,0.015499,0
589,1.4408.4408.2.dta,ESTLSGTSVSANGTAmTAAASLR,69.7409,2197.47,0,4161,181,203,gb|TGME49_088680 gb|TGME49_088680,oxidation of M:16,3,2198.05,0.020868,0
590,1.4408.4408.3.dta,ESTLSGTSVSANGTAmTAAASLR,69.7409,2197.47,0,4161,181,203,gb|TGME49_088680 gb|TGME49_088680,oxidation of M:16,3,2198.05,0.020868,0
594,1.4420.4562.3.dta,WPASVTAASADQLAKGLR,60.0348,1842.45,0,27691,619,636,Rnd3gb|TGME49_029150 Rnd3gb|TGME49_029150,,3,1840.98,0.0141926,0
596,1.4434.4954.2.dta,LANMVAGWSGTFTCLEGHVFDR,18.0725,2468.07,0,1994,816,837,gb|TGME49_024670 gb|TGME49_024670,,3,2467.14,0.00611592,0
596,1.4434.4954.2.dta,ALAPLSAETGASGSPGGASGESGALARK,36.1719,2468.07,0,6483,200,227,gb|TGME49_018420 gb|TGME49_018420,,3,2469.24,0.0122409,0
603,1.4466.4466.2.dta,GYGADRLVDVVASGVQR,12.6263,1761.28,0,30386,896,912,Rnd3gb|TGME49_078500 Rnd3gb|TGME49_078500,,3,1760.91,0.0028361,0
604,1.4466.4466.3.dta,GYGADRLVDVVASGVQR,12.6263,1761.28,0,30386,896,912,Rnd3gb|TGME49_078500 Rnd3gb|TGME49_078500,,3,1760.91,0.0028361,0
622,1.4532.4541.2.dta,NLQYYDISAR,0.000143615,1241.68,0,3034,144,153,gb|TGME49_048340 gb|TGME49_048340,,2,1241.6,2.35126e-08,0
625,1.4543.4543.2.dta,WMELPRGmFVAVGPRPMTQITPTPLACQR,80.1202,3356.53,0,18132,201,229,Rnd2gb|TGME49_026400 Rnd2gb|TGME49_026400,oxidation of M:8,3,3355.68,0.0493351,0
626,1.4543.4543.3.dta,WMELPRGmFVAVGPRPMTQITPTPLACQR,80.1202,3356.53,0,18132,201,229,Rnd2gb|TGME49_026400 Rnd2gb|TGME49_026400,oxidation of M:8,3,3355.68,0.0493351,0
629,1.4550.4550.2.dta,VPSYYDPEIGGAAR,0.0569357,1493.26,0,65,21,34,gb|TGME49_109560 gb|TGME49_109560,,2,1493.71,1.08864e-05,0
636,1.4590.5012.2.dta,ETVEAQLILGAIEASEEmYR,50.5883,2268.11,0,3512,122,141,gb|TGME49_003770 gb|TGME49_003770,oxidation of M:18,3,2267.1,0.0152604,0
637,1.4592.4735.3.dta,FDFCIVTLPLGVLKASVTADEQR,6.27599,2577.02,0,7791,1181,1203,gb|TGME49_075420 gb|TGME49_075420,,3,2578.34,0.00237727,0
642,1.4620.4634.2.dta,KTGETDNSAAEPPLATTLGCALQR,12.1053,2499.8,0,5682,34,57,gb|TGME49_119520 gb|TGME49_119520,,3,2500.22,0.00427145,0
642,1.4620.4634.2.dta,LAVNVEDEHGEQSSTSDADLVER,16.3786,2499.8,0,1793,327,349,gb|TGME49_073380 gb|TGME49_073380,,3,2499.14,0.00577931,0
642,1.4620.4634.2.dta,GSAAAVTDNAEIGSVQTKVGEGGDIR,67.9377,2499.8,0,22813,319,344,Rnd2gb|TGME49_016650 Rnd2gb|TGME49_016650,,3,2501.23,0.0239724,0
642,1.4620.4634.2.dta,DVAEASSVEQALEWEDYRFEK,96.7146,2499.8,0,25422,244,264,Rnd3gb|TGME49_068970 Rnd3gb|TGME49_068970,,3,2500.14,0.0341265,0
644,1.4632.4632.2.dta,ANDEAGRLIQESR,34.1092,1458.21,0,1547,145,157,gb|TGME49_070170 gb|TGME49_070170,,3,1457.72,0.00608332,0
645,1.4632.4632.3.dta,ANDEAGRLIQESR,34.3695,1458.22,0,1547,145,157,gb|TGME49_070170 gb|TGME49_070170,,3,1457.72,0.0060831,0
654,1.4658.5866.3.dta,VNEKSmSADEEEMANESSCK,71.0902,2290.51,0,24590,406,425,Rnd3gb|TGME49_115810 Rnd3gb|TGME49_115810,oxidation of M:6,3,2289.9,0.022888,0
656,1.4676.5129.2.dta,SPSLLVREAPSSSPPPPSR,20.124,1961.16,0,1374,1347,1365,gb|TGME49_068040 gb|TGME49_068040,,3,1960.04,0.0052027,0
656,1.4676.5129.2.dta,SGDVFTESYLPPEHLDR,38.3823,1961.16,0,5197,391,407,gb|TGME49_052360 gb|TGME49_052360,,3,1960.92,0.00992303,0
659,1.4690.4861.2.dta,LSFTEFAVALGTmMRGSDDEK,47.8759,2319.34,0,3813,116,136,gb|TGME49_030490 gb|TGME49_030490,oxidation of M:13,3,2320.07,0.0152909,0
661,1.4700.4828.3.dta,AVSGDACmRSLEPEFTDGGHR,17.4713,2307.64,0,22426,168,188,Rnd2gb|TGME49_078830 Rnd2gb|TGME49_078830,oxidation of M:8,3,2307,0.0055535,0
661,1.4700.4828.3.dta,EQKAVEDSLVYTNIEEDLGR,63.2393,2307.64,0,14070,1403,1422,Rnd1gb|TGME49_094550 Rnd1gb|TGME49_094550,,3,2307.12,0.0201015,0
661,1.4700.4828.3.dta,RSNSLPRPQEAATPSAEILNR,89.8861,2307.64,0,30734,2328,2348,Rnd3gb|TGME49_015910 Rnd3gb|TGME49_015910,,3,2306.21,0.0285715,0
664,1.4718.4718.5.dta,SLRPMFEAEYSLVVSVR,62.8755,1983.46,0,15842,714,730,Rnd1gb|TGME49_007100 Rnd1gb|TGME49_007100,,3,1982.03,0.0165027,0
673,1.4767.4770.3.dta,LKGDAEGHCGSENR,27.6842,1527.37,0,6557,901,914,gb|TGME49_019490 gb|TGME49_019490,,3,1528.67,0.005329,0
673,1.4767.4770.3.dta,LGEAIDPTLSTEKR,53.4872,1527.37,0,8524,2045,2058,Rnd1gb|TGME49_114890 Rnd1gb|TGME49_114890,,3,1528.81,0.0102959,0
673,1.4767.4770.3.dta,AAVQFLEPIPSDLK,92.3716,1527.37,0,25238,376,389,Rnd3gb|TGME49_063060 Rnd3gb|TGME49_063060,,3,1526.84,0.0177809,0
678,1.4781.5003.2.dta,LPTWQQIR,1.38124,1040.22,0,3170,9,16,gb|TGME49_049850 gb|TGME49_049850,,2,1040.58,0.000209025,0
681,1.4788.4788.2.dta,ASGLVKHQGLYPVTSQGEHK,13.2448,2135.78,0,26061,84,103,Rnd3gb|TGME49_025560 Rnd3gb|TGME49_025560,,3,2135.11,0.00375739,0
681,1.4788.4788.2.dta,QSLTQSGSAELFHEFKLSK,26.8797,2135.78,0,10837,579,597,Rnd1gb|TGME49_045610 Rnd1gb|TGME49_045610,,3,2136.09,0.00762546,0
682,1.4788.4788.3.dta,ASGLVKHQGLYPVTSQGEHK,13.2449,2135.77,0,26061,84,103,Rnd3gb|TGME49_025560 Rnd3gb|TGME49_025560,,3,2135.11,0.00375743,0
682,1.4788.4788.3.dta,QSLTQSGSAELFHEFKLSK,26.88,2135.77,0,10837,579,597,Rnd1gb|TGME49_045610 Rnd1gb|TGME49_045610,,3,2136.09,0.00762552,0
684,1.4812.8988.2.dta,QEFETQQMFAFASAR,11.6792,1790.97,0,12708,92,106,Rnd1gb|TGME49_034220 Rnd1gb|TGME49_034220,,3,1789.81,0.00262454,0
684,1.4812.8988.2.dta,SGETVPLQAFLASSQTR,58.4503,1790.97,0,2563,1015,1031,gb|TGME49_040910 gb|TGME49_040910,,3,1790.92,0.0131349,0
685,1.4823.4823.4.dta,ASALAIVEADHNAYDESTKAEIR,0.0460751,2474.49,0,3850,814,836,gb|TGME49_030960 gb|TGME49_030960,,3,2473.21,1.65085e-05,0
685,1.4823.4823.4.dta,SENAVFSMAEDVDGGNIHLAQNR,6.35261,2474.49,0,12417,1169,1191,Rnd1gb|TGME49_092300 Rnd1gb|TGME49_092300,,3,2473.13,0.00227611,0
686,1.4826.5320.4.dta,TLEIGEAGDNVGILLR,15.2057,1668.23,0,7941,267,282,gb|TGME49_102050 gb|TGME49_102050,,3,1668.9,0.00333385,0
687,1.4833.6298.3.dta,SGFFRGVAYLGCQVLSSEGLLK,4.03998,2386.72,0,12476,724,745,Rnd1gb|TGME49_065010 Rnd1gb|TGME49_065010,,3,2387.23,0.00134085,0
687,1.4833.6298.3.dta,LEFDFDCGYTLRTHAMGLLK,24.4536,2386.72,0,23698,8,27,Rnd2gb|TGME49_010460 Rnd2gb|TGME49_010460,,3,2386.14,0.00811602,0
687,1.4833.6298.3.dta,mASAASSSLQGGGSSSSSAGAAGVSSGR,28.238,2386.72,0,7258,1,28,gb|TGME49_081950 gb|TGME49_081950,oxidation of M:1,3,2387.06,0.00937205,0
687,1.4833.6298.3.dta,GEWGGLISRHPSGDAPLIALTLK,65.4212,2386.72,0,20919,1256,1278,Rnd2gb|TGME49_037280 Rnd2gb|TGME49_037280,,3,2387.3,0.021713,0
691,1.4858.4858.2.dta,HPHTEDYFLAPGANLELR,50.3673,2079.78,0,25158,131,148,Rnd3gb|TGME49_062040 Rnd3gb|TGME49_062040,,3,2079.02,0.0133423,0
691,1.4858.4858.2.dta,VHVMATGDAGAVSGLLGQIER,76.1778,2079.78,0,3264,283,303,gb|TGME49_051710 gb|TGME49_051710,,3,2080.07,0.0201796,0
697,1.4884.4893.2.dta,SEDTMLQNPAGGGLDWER,59.3018,1974.18,0,28696,1516,1533,Rnd3gb|TGME49_034240 Rnd3gb|TGME49_034240,,3,1974.87,0.0150703,0
702,1.4910.4910.4.dta,KPmmAALEKFPQLK,3.89562,1662.34,0,31043,119,132,Rnd3gb|TGME49_097900 Rnd3gb|TGME49_097900,"oxidation of M:3 ,oxidation of M:4",3,1662.88,0.000789227,0
702,1.4910.4910.4.dta,GEEAGETNFR,25.0258,1108.23,0,30065,779,788,Rnd3gb|TGME49_094640 Rnd3gb|TGME49_094640,,2,1108.48,0.00388299,0
703,1.4917.4924.3.dta,DSGLALVAAIMSAEVDFPVYR,1.74345,2223.57,0,2686,764,784,gb|TGME49_043340 gb|TGME49_043340,,3,2223.12,0.000508147,0
703,1.4917.4924.3.dta,NNGLDAGGDLQEKQSVQVPVR,22.4556,2223.57,0,629,603,623,gb|TGME49_116090 gb|TGME49_116090,,3,2223.12,0.00654493,0
703,1.4917.4924.3.dta,NAGPCLALDGGHGQSFGPGASVR,35.3477,2223.57,0,6553,1418,1440,gb|TGME49_019450 gb|TGME49_019450,,3,2224.04,0.0103024,0
703,1.4917.4924.3.dta,SSVAAALEEATPDSALLELLPK,47.6566,2223.57,0,21176,331,352,Rnd2gb|TGME49_052290 Rnd2gb|TGME49_052290,,3,2224.18,0.01389,0
703,1.4917.4924.3.dta,AWHSSIMNNTLLLSREVPR,79.4898,2223.57,0,23303,205,223,Rnd2gb|TGME49_080690 Rnd2gb|TGME49_080690,,3,2223.16,0.0231681,0
716,1.4980.5047.3.dta,HVCPFDEAATLmDYSREAR,4.31424,2281.63,0,23645,1144,1162,Rnd2gb|TGME49_012030 Rnd2gb|TGME49_012030,oxidation of M:12,3,2283,0.00137879,0
716,1.4980.5047.3.dta,SGEGAEASLRANLASTSITYQR,5.19596,2281.63,0,18659,114,135,Rnd2gb|TGME49_043200 Rnd2gb|TGME49_043200,,3,2281.13,0.00166058,0
716,1.4980.5047.3.dta,RTDVLGAAGLLQLmCPAIIVR,6.42979,2281.63,0,14093,258,278,Rnd1gb|TGME49_094780 Rnd1gb|TGME49_094780,oxidation of M:14,3,2282.26,0.0020549,0
716,1.4980.5047.3.dta,LPLMEGLSDHEmWSEHQTK,7.65829,2281.63,0,31368,376,394,Rnd3gb|TGME49_020100 Rnd3gb|TGME49_020100,oxidation of M:12,3,2283.03,0.00244752,0
716,1.4980.5047.3.dta,AWALAKMTEVLGGSSSSLVYGR,11.7407,2281.63,0,3908,566,587,gb|TGME49_031840 gb|TGME49_031840,,3,2282.17,0.00375224,0
716,1.4980.5047.3.dta,FVVGLGRHSASESTSLVPSHSK,11.7806,2281.63,0,8615,4,25,Rnd1gb|TGME49_115920 Rnd1gb|TGME49_115920,,3,2281.18,0.00376498,0
716,1.4980.5047.3.dta,STSPAEELAPQKQGADGSRPVR,27.6913,2281.63,0,3029,1708,1729,gb|TGME49_048290 gb|TGME49_048290,,3,2280.15,0.00884988,0
716,1.4980.5047.3.dta,RLSLPSVDSQLSSPDGGTPGVGR,28.762,2281.63,0,3113,1520,1542,gb|TGME49_049260 gb|TGME49_049260,,3,2281.16,0.00919206,0
716,1.4980.5047.3.dta,WAVSSLAGILAASVQSTGAGFCK,39.1446,2281.63,0,30931,16,38,Rnd3gb|TGME49_013610 Rnd3gb|TGME49_013610,,3,2280.15,0.0125103,0
716,1.4980.5047.3.dta,KALVDLGYVTHAGSSLTGHISR,61.1945,2281.63,0,28127,139,160,Rnd3gb|TGME49_088550 Rnd3gb|TGME49_088550,,3,2281.22,0.0195572,0
716,1.4980.5047.3.dta,LTNIYSGEmMAGAGADSmCDR,90.4808,2281.63,0,23798,103,123,Rnd2gb|TGME49_000360 Rnd2gb|TGME49_000360,"oxidation of M:9 ,oxidation of M:18",3,2280.91,0.0289169,0
716,1.4980.5047.3.dta,EVLAGPSSPVSSCSEDPPLILK,97.3297,2281.63,0,27666,206,227,Rnd3gb|TGME49_006530 Rnd3gb|TGME49_006530,,3,2281.15,0.0311057,0
725,1.5057.5057.3.dta,FAGFATDESGTLRVNQEHTGSR,13.0801,2379.46,0,31844,110,131,Rnd3gb|TGME49_074290 Rnd3gb|TGME49_074290,,3,2379.12,0.0042648,0
725,1.5057.5057.3.dta,REGEGGEPDNPSFDGWLFDVR,75.0466,2379.46,0,23667,311,331,Rnd2gb|TGME49_012260 Rnd2gb|TGME49_012260,,3,2378.05,0.024469,0
726,1.5082.5082.3.dta,EVAIPSGDDVQEVCPSILVGAGK,37.0559,2339.8,0,12073,341,363,Rnd1gb|TGME49_033790 Rnd1gb|TGME49_033790,,3,2339.17,0.0116455,0
726,1.5082.5082.3.dta,EQCKAELDTALPALTAAVEALK,84.3432,2339.8,0,1802,2865,2886,gb|TGME49_073480 gb|TGME49_073480,,3,2341.22,0.0265063,0
729,1.5094.7355.2.dta,DLSFTCLDEQSLDILYNR,11.0425,2200.2,0,23728,5396,5413,Rnd2gb|TGME49_104630 Rnd2gb|TGME49_104630,,3,2201.03,0.00321751,0
729,1.5094.7355.2.dta,EWVIDNLEPRATSEVAEDK,18.8634,2200.2,0,27738,1255,1273,Rnd3gb|TGME49_029720 Rnd3gb|TGME49_029720,,3,2200.07,0.00549632,0
729,1.5094.7355.2.dta,MVVFFVLGFLLDAWGAWTK,20.2952,2200.2,0,2233,23,41,gb|TGME49_027370 gb|TGME49_027370,,3,2199.16,0.00591352,0
737,1.5145.5150.2.dta,HQDEGSRmSYVASEAR,8.12056,1836.37,0,12300,1,16,Rnd1gb|TGME49_090600 Rnd1gb|TGME49_090600,oxidation of M:8,3,1837.8,0.0018815,0
745,1.5176.5176.4.dta,SPDLSSDDDAPHELAYRTR,62.8971,2145.3,0,29484,192,210,Rnd3gb|TGME49_008820 Rnd3gb|TGME49_008820,,3,2143.98,0.0177325,0
746,1.5180.5180.2.dta,GmGVDVEVAAGSQAFRR,54.8866,1764.53,0,9602,1354,1370,Rnd1gb|TGME49_070900 Rnd1gb|TGME49_070900,oxidation of M:2,3,1764.86,0.0122652,0
748,1.5199.5213.3.dta,TQDWTIAPESLQDLDKTASAR,0.930492,2344.62,0,12939,1673,1693,Rnd1gb|TGME49_037510 Rnd1gb|TGME49_037510,,3,2345.15,0.000289963,0
748,1.5199.5213.3.dta,YFERLDNVmEGDNMEQLVK,1.08675,2344.62,0,2082,462,480,gb|TGME49_025560 gb|TGME49_025560,oxidation of M:9,3,2345.07,0.000338657,0
748,1.5199.5213.3.dta,YSMAVPRIDASSGLLLAALVGLK,3.76655,2344.62,0,14070,3317,3339,Rnd1gb|TGME49_094550 Rnd1gb|TGME49_094550,,3,2344.32,0.00117375,0
748,1.5199.5213.3.dta,LGYTQLQTNYASENEDQSRK,3.87542,2344.62,0,22035,1405,1424,Rnd2gb|TGME49_094060 Rnd2gb|TGME49_094060,,3,2344.09,0.00120767,0
748,1.5199.5213.3.dta,YANSQLAGLLGGQLVACAILRR,21.6073,2344.62,0,13316,615,636,Rnd1gb|TGME49_054160 Rnd1gb|TGME49_054160,,3,2343.28,0.00673335,0
748,1.5199.5213.3.dta,LEGECQCRGVGLMHGGAEDDR,35.3096,2344.62,0,10644,2397,2417,Rnd1gb|TGME49_042780 Rnd1gb|TGME49_042780,,3,2344.99,0.0110033,0
748,1.5199.5213.3.dta,GALGEQFLPASQNLKAEAPEFK,48.1402,2344.62,0,15140,370,391,Rnd1gb|TGME49_011680 Rnd1gb|TGME49_011680,,3,2344.21,0.0150016,0
748,1.5199.5213.3.dta,EAASGRPQSEEDGGNVHASHRR,90.0703,2344.62,0,19127,1410,1431,Rnd2gb|TGME49_049550 Rnd2gb|TGME49_049550,,3,2346.08,0.028068,0
749,1.5206.5789.3.dta,QVAAVEAmLEEASDDSmKLIK,23.9515,2310.59,0,28877,2305,2325,Rnd3gb|TGME49_036930 Rnd3gb|TGME49_036930,"oxidation of M:8 ,oxidation of M:17",3,2309.11,0.00778404,0
752,1.5227.5358.3.dta,WLGGmGTHGIGEDNGACPQLR,68.1873,2239.55,0,9339,260,280,Rnd1gb|TGME49_064030 Rnd1gb|TGME49_064030,oxidation of M:5,3,2241,0.0207762,0
755,1.5243.5341.3.dta,DADLALGQLSSmLVKATLPATK,12.5611,2256.92,0,6173,425,446,gb|TGME49_105270 gb|TGME49_105270,oxidation of M:12,3,2258.22,0.00394258,0
757,1.5257.6235.3.dta,EAVDRPGLANGAFNAVNGGVKK,0.363037,2184.4,0,11952,1941,1962,Rnd1gb|TGME49_032360 Rnd1gb|TGME49_032360,,3,2183.14,9.98452e-05,0
757,1.5257.6235.3.dta,TKSTLHPALTQPKPSALNPGK,14.1996,2184.4,0,30206,2572,2592,Rnd3gb|TGME49_106020 Rnd3gb|TGME49_106020,,3,2185.22,0.00390528,0
757,1.5257.6235.3.dta,ALLmTEAGMTLSLGHLKAPTI,15.6722,2184.4,0,21916,168,188,Rnd2gb|TGME49_022900 Rnd2gb|TGME49_022900,oxidation of M:4,3,2183.17,0.00431029,0
757,1.5257.6235.3.dta,SFLQSEDVSSEQHADRPPR,19.5337,2184.4,0,11670,4216,4234,Rnd1gb|TGME49_006430 Rnd1gb|TGME49_006430,,3,2184.02,0.00537231,0
763,1.5332.5346.3.dta,FLPTLPLLEGSSPmVLAQEAR,81.5713,2283.82,0,13049,1534,1554,Rnd1gb|TGME49_085650 Rnd1gb|TGME49_085650,oxidation of M:14,3,2284.21,0.0246961,0
763,1.5332.5346.3.dta,EKSEKPSFAASLPPWALLWK,86.9525,2283.82,0,3015,1012,1031,gb|TGME49_048150 gb|TGME49_048150,,3,2284.23,0.0263253,0
764,1.5334.5337.3.dta,NDCSSFASAAGAMEDELIQFNK,28.5179,2402.59,0,29027,869,890,Rnd3gb|TGME49_085470 Rnd3gb|TGME49_085470,,3,2404.03,0.00985075,0
764,1.5334.5337.3.dta,TENGKIPTDATTGNELLSALTEK,53.5134,2402.59,0,7191,127,149,gb|TGME49_017700 gb|TGME49_017700,,3,2402.22,0.0184848,0
767,1.5355.7217.3.dta,FELEPSPREPPCQAGGSImR,2.76291,2272.42,0,21123,34,53,Rnd2gb|TGME49_086580 Rnd2gb|TGME49_086580,oxidation of M:19,3,2273.06,0.00086476,0
767,1.5355.7217.3.dta,ESRALMGGADNVLCEQTGPLR,4.29132,2272.42,0,26493,785,805,Rnd3gb|TGME49_040420 Rnd3gb|TGME49_040420,,3,2273.09,0.00134314,0
767,1.5355.7217.3.dta,YNELPESRLPEPEASGASGNR,6.46593,2272.42,0,20526,1121,1141,Rnd2gb|TGME49_065780 Rnd2gb|TGME49_065780,,3,2272.07,0.00202376,0
767,1.5355.7217.3.dta,EELESENVLLRQQISDLEK,14.2157,2272.42,0,6446,408,426,gb|TGME49_078890 gb|TGME49_078890,,3,2271.16,0.00444937,0
767,1.5355.7217.3.dta,AQKEASAVSSTPISVELPGCNK,90.6912,2272.42,0,26465,665,686,Rnd3gb|TGME49_039940 Rnd3gb|TGME49_039940,,3,2272.14,0.0283854,0
768,1.5362.5362.2.dta,GDFADGLASASVEVIEQIAQDLAKAGSIATLCR,33.122,3374.49,0,6572,3561,3593,gb|TGME49_019660 gb|TGME49_019660,,3,3375.7,0.0203702,0
772,1.5409.5626.2.dta,DMVVFTWAVSGVEVKAGSNATLHR,9.82826,2574.2,0,8847,617,640,Rnd1gb|TGME49_057670 Rnd1gb|TGME49_057670,,3,2573.3,0.00365227,0
772,1.5409.5626.2.dta,SGAYSGPDLEALLFFDISVYRQK,55.3629,2574.2,0,18897,382,404,Rnd2gb|TGME49_046710 Rnd2gb|TGME49_046710,,3,2575.29,0.0205733,0
782,1.5460.6013.3.dta,EESHDADHTVGLLSDELVCVGK,29.0246,2408.96,0,20086,660,681,Rnd2gb|TGME49_087970 Rnd2gb|TGME49_087970,,3,2409.11,0.00947279,0
784,1.5472.5472.2.dta,AQAVEASAQSKSLLHHFVTEmPWGK,57.6387,2768.76,0,4769,159,183,gb|TGME49_035010 gb|TGME49_035010,oxidation of M:21,3,2767.38,0.0243099,0
789,1.5495.5537.3.dta,LAGVVDQADmICFLSFKVALR,58.0809,2367.18,0,10921,1179,1199,Rnd1gb|TGME49_046980 Rnd1gb|TGME49_046980,oxidation of M:10,3,2368.22,0.0195164,0
789,1.5495.5537.3.dta,DSTTDSmGNVSAQVIAASDAGVEK,58.3932,2367.18,0,17132,556,579,Rnd2gb|TGME49_061610 Rnd2gb|TGME49_061610,oxidation of M:7,3,2368.07,0.0196214,0
790,1.5507.5568.2.dta,RLFLDDDVSQLLDTNGGHGFQALWSLLTEAK,34.735,3458.99,0,4667,37,67,gb|TGME49_067460 gb|TGME49_067460,,3,3458.75,0.0227174,0
791,1.5509.5810.3.dta,GNFTAINEPGHVNFGNAAPQLER,22.8145,2451.62,0,11776,353,375,Rnd1gb|TGME49_030090 Rnd1gb|TGME49_030090,,3,2452.19,0.00768682,0
792,1.5512.5684.3.dta,GGASILQmPAQQGQPQPVYFNGAR,1.49826,2529.76,0,29961,106,129,Rnd3gb|TGME49_093270 Rnd3gb|TGME49_093270,oxidation of M:8,3,2530.24,0.000574707,0
792,1.5512.5684.3.dta,ARLTATADGLSTSTGQLGHDMASIR,5.47975,2529.76,0,31204,2053,2077,Rnd3gb|TGME49_081420 Rnd3gb|TGME49_081420,,3,2529.26,0.00210194,0
792,1.5512.5684.3.dta,TASLSSPDLDFNGVHSTQAQGDKR,12.8258,2529.76,0,4178,1802,1825,gb|TGME49_088890 gb|TGME49_088890,,3,2530.2,0.00491976,0
793,1.5516.5670.1.dta,SFVGPGSAELLSNQNVMGEAEFR,72.3897,2438.26,0,24669,294,316,Rnd3gb|TGME49_116730 Rnd3gb|TGME49_116730,,3,2438.15,0.025909,0
794,1.5540.5547.2.dta,QEQGEGASEHNGLAAPFLDSGCTmDQK,70.6657,2893.49,0,16290,2328,2354,Rnd2gb|TGME49_112300 Rnd2gb|TGME49_112300,oxidation of M:24,3,2892.23,0.0322233,0
798,1.5591.5775.1.dta,HGDSAAmLDGADRFSmLLR,15.8306,2093.02,0,11898,1610,1628,Rnd1gb|TGME49_031810 Rnd1gb|TGME49_031810,"oxidation of M:7 ,oxidation of M:16",3,2093.96,0.004217,0
803,1.5631.5631.3.dta,VADESQmAEEGDAMSK,98.3683,1713.46,0,29415,96,111,Rnd3gb|TGME49_007790 Rnd3gb|TGME49_007790,oxidation of M:7,3,1712.69,0.0213984,0
806,1.5647.5675.3.dta,SSVGATSPGPLLAPQTPGLSSGER,73.0881,2264.41,0,11511,1994,2017,Rnd1gb|TGME49_003830 Rnd1gb|TGME49_003830,,3,2265.16,0.0226139,0
813,1.5710.5715.3.dta,VTDImGPPTHDGGGLR,96.1535,1637.98,0,25380,195,210,Rnd3gb|TGME49_068430 Rnd3gb|TGME49_068430,oxidation of M:5,3,1637.78,0.0200487,0
814,1.5712.6172.4.dta,mQSGGAGGSSAMCVWAPNSASPSRSK,30.6024,2582.79,0,3676,1338,1363,gb|TGME49_006420 gb|TGME49_006420,oxidation of M:1,3,2583.12,0.0111525,0
816,1.5733.5733.4.dta,EmQmRFDTDQFEAYLEYmK,48.9216,2522.69,0,6853,88,106,gb|TGME49_016910 gb|TGME49_016910,"oxidation of M:2 ,oxidation of M:4 ,oxidation of M:18",3,2522.04,0.016922,0
823,1.5754.5754.3.dta,FGAGIEQQSAHNLSAKVMLLYR,19.3923,2432.86,0,17239,1390,1411,Rnd2gb|TGME49_063000 Rnd2gb|TGME49_063000,,3,2432.26,0.00669162,0
827,1.5778.5778.2.dta,ILLPLLLQIAAEVAEESCMAWDAENGLDDR,19.366,3354.8,0,4553,764,793,gb|TGME49_066010 gb|TGME49_066010,,3,3354.65,0.012036,0
827,1.5778.5778.2.dta,QDPSPGLLMPFNPATRPDVYKPGRATEFPR,22.9942,3354.8,0,14487,2935,2964,Rnd1gb|TGME49_018560 Rnd1gb|TGME49_018560,,3,3353.7,0.014291,0
827,1.5778.5778.2.dta,TGYLPEQESAQGLESDLSCAATLELEAGFLR,86.1896,3354.8,0,26160,138,168,Rnd3gb|TGME49_026750 Rnd3gb|TGME49_026750,,3,3354.59,0.0535672,0
828,1.5778.5778.3.dta,ILLPLLLQIAAEVAEESCMAWDAENGLDDR,19.3659,3354.8,0,4553,764,793,gb|TGME49_066010 gb|TGME49_066010,,3,3354.65,0.012036,0
828,1.5778.5778.3.dta,QDPSPGLLMPFNPATRPDVYKPGRATEFPR,22.9942,3354.8,0,14487,2935,2964,Rnd1gb|TGME49_018560 Rnd1gb|TGME49_018560,,3,3353.7,0.014291,0
828,1.5778.5778.3.dta,TGYLPEQESAQGLESDLSCAATLELEAGFLR,86.1891,3354.8,0,26160,138,168,Rnd3gb|TGME49_026750 Rnd3gb|TGME49_026750,,3,3354.59,0.0535669,0
837,1.5850.5850.4.dta,SATQQTLHEEPSMSmGSGGQPGK,91.2806,2359.32,0,21525,61,83,Rnd2gb|TGME49_009270 Rnd2gb|TGME49_009270,oxidation of M:15,3,2360.04,0.0298889,0
849,1.5927.6193.3.dta,NAWSGLNLPNAAEQAEVHSEEGQR,14.1518,2606.59,0,29440,1346,1369,Rnd3gb|TGME49_008050 Rnd3gb|TGME49_008050,,3,2606.21,0.00536461,0
849,1.5927.6193.3.dta,GSLGQLPSKGGAFNLIDTEFSLEAR,20.5734,2606.59,0,10826,444,468,Rnd1gb|TGME49_045500 Rnd1gb|TGME49_045500,,3,2606.33,0.00779887,0
849,1.5927.6193.3.dta,SEFRPSAFFDTESKIQmLSNQK,57.9685,2606.59,0,22479,179,200,Rnd2gb|TGME49_018550 Rnd2gb|TGME49_018550,oxidation of M:17,3,2605.25,0.0219744,0
849,1.5927.6193.3.dta,TFRISSYDTAADNINSFDLTSLR,69.958,2606.59,0,13080,702,724,Rnd1gb|TGME49_085970 Rnd1gb|TGME49_085970,,3,2606.26,0.0265193,0
850,1.5946.5946.2.dta,TmNLTEPGFQEACPGLDKGLMEIFR,97.3063,2870.45,0,27197,46,70,Rnd3gb|TGME49_050830 Rnd3gb|TGME49_050830,oxidation of M:2,3,2869.34,0.042772,0
852,1.5950.6088.3.dta,AMDLTTAENARSPVISELSSTHLASGAELVAHK,31.8869,3406.33,0,18027,168,200,Rnd2gb|TGME49_025150 Rnd2gb|TGME49_025150,,3,3405.72,0.0196954,0
854,1.5962.6601.3.dta,SVPSSSSLYQHYCQELDSELSR,1.00498,2570.74,0,6996,13,34,gb|TGME49_097120 gb|TGME49_097120,,3,2571.16,0.000379955,0
854,1.5962.6601.3.dta,GSILSRSVEPNEVILDLNVDVmR,31.5602,2570.74,0,17201,116,138,Rnd2gb|TGME49_062620 Rnd2gb|TGME49_062620,oxidation of M:22,3,2570.34,0.011932,0
856,1.5969.5981.2.dta,EVDGVSWCSAAAKDWSMNSFFDDTTK,22.4553,2953.3,0,10827,1329,1354,Rnd1gb|TGME49_045510 Rnd1gb|TGME49_045510,,3,2953.25,0.0110836,0
862,1.5988.5988.2.dta,LLPPRmLTMTDEDVGAACAWEGQR,41.2212,2732.61,0,27369,435,458,Rnd3gb|TGME49_002520 Rnd3gb|TGME49_002520,oxidation of M:6,3,2732.27,0.0172835,0
866,1.6004.6004.2.dta,GPRPSAIDAAAQPLFLGRTELPNETQR,41.8544,2903.03,0,16073,1924,1950,Rnd2gb|TGME49_109890 Rnd2gb|TGME49_109890,,3,2904.52,0.0189386,0
870,1.6039.6039.4.dta,IPEASLmISSVPGHCYTSAGmGK,85.8257,2423.63,0,22427,551,573,Rnd2gb|TGME49_078840 Rnd2gb|TGME49_078840,"oxidation of M:7 ,oxidation of M:21",3,2424.11,0.0297386,0
871,1.6044.6044.2.dta,RMLGSMDGDDAVAAVEFSPFMNAAVNLMLYQAK,75.4118,3560.66,0,23890,8,40,Rnd2gb|TGME49_098580 Rnd2gb|TGME49_098580,,3,3561.67,0.0546463,0
873,1.6058.6058.3.dta,yRLEDLAGTLYFEQTEPGR,51.3753,2298.39,0,16960,1,19,Rnd2gb|TGME49_059070 Rnd2gb|TGME49_059070,acetylation of protein n-term:1,3,2299.11,0.0168776,0
873,1.6058.6058.3.dta,VQFAGACNPPTDAGRHPmSDR,69.4378,2298.39,0,6077,2793,2813,gb|TGME49_094550 gb|TGME49_094550,oxidation of M:18,3,2299.02,0.0228114,0
874,1.6062.6214.2.dta,FVLRVAPGDYNGISEQPFDLSK,4.09654,2452.41,0,11376,66,87,Rnd1gb|TGME49_002450 Rnd1gb|TGME49_002450,,3,2451.24,0.00138866,0
875,1.6065.6179.2.dta,EGNHFRPNAGVALCLAQGACSRFR,7.22398,2686.47,0,27987,20,43,Rnd3gb|TGME49_032960 Rnd3gb|TGME49_032960,,3,2687.29,0.002933,0
875,1.6065.6179.2.dta,ILEDGVVLELPDAEAEESAGGDRFR,24.6559,2686.47,0,29887,397,421,Rnd3gb|TGME49_022360 Rnd3gb|TGME49_022360,,3,2686.31,0.0100105,0
875,1.6065.6179.2.dta,VSALAVEVIGIDSIDVFEQGTDPRR,85.4039,2686.47,0,6664,1559,1583,gb|TGME49_014890 gb|TGME49_014890,,3,2685.4,0.0346747,0
878,1.6097.6097.3.dta,WLSTPHSQTSMVSEGACSSR,61.183,2207.55,0,7336,1588,1607,gb|TGME49_095330 gb|TGME49_095330,,3,2206.97,0.0177239,0
880,1.6114.6410.3.dta,LFGSDANEKTmTSSAGVFSEAPAEK,19.1609,2588.69,0,12307,460,484,Rnd1gb|TGME49_090670 Rnd1gb|TGME49_090670,oxidation of M:11,3,2589.19,0.00713892,0
880,1.6114.6410.3.dta,APEFATLLSVSDLQNHTPPMHGAR,43.3695,2588.69,0,19948,116,139,Rnd2gb|TGME49_032390 Rnd2gb|TGME49_032390,,3,2588.28,0.0161585,0
880,1.6114.6410.3.dta,SVANGSVQAGESRDAFCSANSAmEK,69.2459,2588.69,0,11345,203,227,Rnd1gb|TGME49_002130 Rnd1gb|TGME49_002130,oxidation of M:23,3,2588.12,0.0257995,0
880,1.6114.6410.3.dta,EQDKSPSAHGHLEWWLSIAGSVR,92.1592,2588.69,0,20971,54,76,Rnd2gb|TGME49_083830 Rnd2gb|TGME49_083830,,3,2589.27,0.0343365,0
882,1.6121.6566.3.dta,GMSLSEQQDAGCHSPEKAHLDVR,24.1599,2549.89,0,2008,411,433,gb|TGME49_024810 gb|TGME49_024810,,3,2551.15,0.0090149,0
886,1.6144.6144.2.dta,EKALGTCCSNAPSSSSLSSSGMR,46.2742,2372.42,0,4635,2105,2127,gb|TGME49_067030 gb|TGME49_067030,,3,2373.03,0.0155022,0
887,1.6144.6144.3.dta,EKALGTCCSNAPSSSSLSSSGMR,46.2738,2372.42,0,4635,2105,2127,gb|TGME49_067030 gb|TGME49_067030,,3,2373.03,0.0155021,0
888,1.6160.6165.3.dta,TASEQITQESHGVPKVLPHMSEPK,17.1921,2629.75,0,13344,17,40,Rnd1gb|TGME49_054440 Rnd1gb|TGME49_054440,,3,2629.32,0.00662,0
888,1.6160.6165.3.dta,NGLGYELYAFECQGGEGLLKWAR,54.558,2629.75,0,18198,474,496,Rnd2gb|TGME49_027060 Rnd2gb|TGME49_027060,,3,2630.26,0.0210081,0
888,1.6160.6165.3.dta,IDTEIHFGRLNVKPGKPAIVASLR,66.3326,2629.75,0,6003,651,674,gb|TGME49_093480 gb|TGME49_093480,,3,2630.5,0.025542,0
888,1.6160.6165.3.dta,ALSSPSSKPWSYESGSAmGLLmRR,77.9993,2629.75,0,12607,106,129,Rnd1gb|TGME49_066820 Rnd1gb|TGME49_066820,"oxidation of M:18 ,oxidation of M:22",3,2629.26,0.0300344,0
889,1.6167.6326.3.dta,VFSHmSTWmLRQVVAFQSASGSR,8.98331,2642.68,0,2380,72,94,gb|TGME49_038450 gb|TGME49_038450,"oxidation of M:5 ,oxidation of M:9",3,2643.27,0.00353813,0
889,1.6167.6326.3.dta,TFLPPPDAAPVSSGPVAPRAFAGAPPR,10.961,2642.68,0,1703,153,179,gb|TGME49_072160 gb|TGME49_072160,,3,2642.4,0.00431707,0
890,1.6177.6177.3.dta,GGPPAAWPQVAQRFRPAEADFLLK,8.87667,2621.69,0,31094,183,206,Rnd3gb|TGME49_011260 Rnd3gb|TGME49_011260,,3,2621.39,0.00331219,0
890,1.6177.6177.3.dta,GNSGTGGCGVAQDCKSPWVLCGLNK,76.1157,2621.69,0,4904,1165,1189,gb|TGME49_036990 gb|TGME49_036990,,3,2621.17,0.0284014,0
894,1.6198.6198.2.dta,QSSVGTEPGDNGDDLCLRLSWSDR,63.3228,2663.33,0,25339,142,165,Rnd3gb|TGME49_064170 Rnd3gb|TGME49_064170,,3,2663.19,0.0251181,0
897,1.6219.6443.1.dta,KPFRADACCCVPLCLPSPSSFLFLLR,70.8812,3109.75,0,4112,828,853,gb|TGME49_088190 gb|TGME49_088190,,3,3110.53,0.0368597,0
898,1.6228.6244.2.dta,VLDLAPSFGEGPVEIVSR,1.50744e-08,1883.52,0,2149,72,89,gb|TGME49_026430 gb|TGME49_026430,,2,1884,3.68929e-12,0
901,1.6263.6268.2.dta,sTLQDIRLPTWQQIR,0.00388116,1895.62,0,3170,2,16,gb|TGME49_049850 gb|TGME49_049850,acetylation of protein n-term:1,2,1896.02,9.38612e-07,0
901,1.6263.6268.2.dta,LPQLSPSAGDATGDMHAGNAREAAPLAAR,41.3867,2843.43,0,384,832,860,gb|TGME49_113210 gb|TGME49_113210,,3,2844.39,0.018176,0
908,1.6289.6289.4.dta,ECIATTTSTFDAPQLDPSSAK,31.6274,2237.67,0,1185,382,402,gb|TGME49_062100 gb|TGME49_062100,,3,2239.03,0.00950914,0
910,1.6300.6709.1.dta,NSHSSESLIAGGLELYAATSR,49.1684,2163.07,0,17374,1031,1051,Rnd2gb|TGME49_068280 Rnd2gb|TGME49_068280,,3,2162.06,0.0143557,0
910,1.6300.6709.1.dta,HQQLFELANERYEFSPR,82.4675,2163.07,0,17806,1398,1414,Rnd2gb|TGME49_073660 Rnd2gb|TGME49_073660,,3,2163.05,0.0240781,0
910,1.6300.6709.1.dta,GLVFATGmETQVGRIAQQLK,99.944,2163.07,0,6423,381,400,gb|TGME49_078660 gb|TGME49_078660,oxidation of M:8,3,2162.15,0.0291807,0
914,1.6310.6310.2.dta,TVPSPGCELGAFDGSGAVVHTGGmNSYLARLK,15.0586,3264.7,0,29323,2193,2224,Rnd3gb|TGME49_054370 Rnd3gb|TGME49_054370,oxidation of M:24,3,3263.57,0.00884239,0
917,1.6321.6382.3.dta,QPDTVANAEDARESEEATNVAMSK,96.2815,2562.64,0,9355,356,379,Rnd1gb|TGME49_064190 Rnd1gb|TGME49_064190,,3,2562.15,0.0353846,0
923,1.6338.6338.3.dta,GVNEARDAFQTIVGSVVPDPAVGSFISER,44.2552,3015.12,0,15217,1422,1450,Rnd1gb|TGME49_081410 Rnd1gb|TGME49_081410,,3,3016.52,0.0217684,0
926,1.6361.6415.2.dta,SLTRADYLAADGEVSDSSSAAESVVEPWEVGPR,87.1023,3450.92,0,11924,8885,8917,Rnd1gb|TGME49_032080 Rnd1gb|TGME49_032080,,3,3449.62,0.0574933,0
928,1.6384.6384.2.dta,TEEQVHLLNDGVSRHPGGLPDAEGWDENPVR,30.875,3423.07,0,4305,399,429,gb|TGME49_090580 gb|TGME49_090580,,3,3422.62,0.0188492,0
931,1.6403.6403.2.dta,EQLMGDAGNTALGEQMAAMIAR,4.25844,2277.41,0,6017,7,28,gb|TGME49_093620 gb|TGME49_093620,,3,2277.05,0.00133619,0
934,1.6422.6643.3.dta,EVRPDPLDAPATFEVLDYNEGILR,2.56244e-12,2728.73,0,1931,799,822,gb|TGME49_023920 gb|TGME49_023920,,3,2728.37,1.03533e-15,0
934,1.6422.6643.3.dta,ELASEKFQSDmAGGAQQALTEGAmAR,0.521767,2728.73,0,30651,998,1023,Rnd3gb|TGME49_014970 Rnd3gb|TGME49_014970,"oxidation of M:11 ,oxidation of M:24",3,2728.24,0.000210815,0
934,1.6422.6643.3.dta,VLLAFRLNYTEAELDLFCSQLGR,8.16699,2728.73,0,19419,1271,1293,Rnd2gb|TGME49_002980 Rnd2gb|TGME49_002980,,3,2727.4,0.00329979,0
934,1.6422.6643.3.dta,QADGGEYSmHNNGITATVRRPVAIR,8.58707,2728.73,0,30662,1152,1176,Rnd3gb|TGME49_015080 Rnd3gb|TGME49_015080,oxidation of M:9,3,2728.34,0.00346952,0
934,1.6422.6643.3.dta,TTVFGLAASFPDYAmVVVAANNGLQR,11.39,2728.73,0,5735,327,352,gb|TGME49_120150 gb|TGME49_120150,oxidation of M:15,3,2727.37,0.00460202,0
934,1.6422.6643.3.dta,DILGVALSGVALNDDSLAILVTCMLR,26.7105,2728.73,0,7402,152,177,gb|TGME49_020230 gb|TGME49_020230,,3,2728.45,0.0107921,0
934,1.6422.6643.3.dta,SHPASPESVSDLRAPQALSVPTASTPK,44.6363,2728.73,0,2808,603,629,gb|TGME49_044660 gb|TGME49_044660,,3,2729.4,0.0180349,0
934,1.6422.6643.3.dta,AELAPLVRELGLVAATDNSASIHLLR,45.6379,2728.73,0,23510,1069,1094,Rnd2gb|TGME49_101580 Rnd2gb|TGME49_101580,,3,2728.52,0.0184396,0
938,1.6436.6436.3.dta,FETFLRSDQAVMGTDLFAIGNPSEQLR,3.4637,3042.68,0,17714,595,621,Rnd2gb|TGME49_072420 Rnd2gb|TGME49_072420,,3,3041.49,0.00166604,0
947,1.6471.6471.2.dta,mmGmEEVSEMDVTKPFAFPVNSR,0.73576,2680.59,0,29263,7651,7673,Rnd3gb|TGME49_053750 Rnd3gb|TGME49_053750,"oxidation of M:1 ,oxidation of M:2 ,oxidation of M:4",3,2679.17,0.000305802,0
947,1.6471.6471.2.dta,mmGMEEVSEmDVTKPFAFPVNSR,52.5341,2680.59,0,29263,7651,7673,Rnd3gb|TGME49_053750 Rnd3gb|TGME49_053750,"oxidation of M:1 ,oxidation of M:2 ,oxidation of M:10",3,2679.17,0.0218346,0
948,1.6471.6471.3.dta,mmGmEEVSEMDVTKPFAFPVNSR,0.73576,2680.59,0,29263,7651,7673,Rnd3gb|TGME49_053750 Rnd3gb|TGME49_053750,"oxidation of M:1 ,oxidation of M:2 ,oxidation of M:4",3,2679.17,0.000305802,0
948,1.6471.6471.3.dta,mmGMEEVSEmDVTKPFAFPVNSR,52.5341,2680.59,0,29263,7651,7673,Rnd3gb|TGME49_053750 Rnd3gb|TGME49_053750,"oxidation of M:1 ,oxidation of M:2 ,oxidation of M:10",3,2679.17,0.0218346,0
950,1.6478.6629.2.dta,LSGLMELLSLVK,0.20936,1301.93,0,14376,581,592,Rnd1gb|TGME49_078260 Rnd1gb|TGME49_078260,,2,1301.76,3.17645e-05,0
950,1.6478.6629.2.dta,SISSANAAARQAR,22.1798,1301.93,0,5165,403,415,gb|TGME49_087160 gb|TGME49_087160,,2,1301.68,0.00336517,0
951,1.6501.6501.3.dta,RATVPAISVLSVK,13.7281,1339.61,0,11685,1821,1833,Rnd1gb|TGME49_006580 Rnd1gb|TGME49_006580,,3,1339.82,0.00240337,0
951,1.6501.6501.3.dta,EDWLSLFRFK,91.3849,1339.61,0,13161,413,422,Rnd1gb|TGME49_087190 Rnd1gb|TGME49_087190,,3,1339.69,0.0159988,0
952,1.6510.6800.2.dta,AALLDDFDEIVGR,1.29516e-07,1432.95,0,5926,147,159,gb|TGME49_022860 gb|TGME49_022860,,2,1432.72,2.18187e-11,0
956,1.6529.6541.2.dta,NSAWSPANAQRFR,48.754,1504.74,0,23035,597,609,Rnd2gb|TGME49_097750 Rnd2gb|TGME49_097750,,3,1503.73,0.00877818,0
962,1.6559.6559.2.dta,RNTEEAFLNALESSGGPLYImR,85.1802,2482.74,0,23428,162,183,Rnd2gb|TGME49_075610 Rnd2gb|TGME49_075610,oxidation of M:21,3,2483.21,0.0302487,0
963,1.6559.6559.3.dta,RNTEEAFLNALESSGGPLYImR,85.814,2482.75,0,23428,162,183,Rnd2gb|TGME49_075610 Rnd2gb|TGME49_075610,oxidation of M:21,3,2483.21,0.0302482,0
969,1.6587.6748.2.dta,ILSAAVTLDGLAAmLR,9.56963e-08,1629.59,0,6545,153,168,gb|TGME49_019270 gb|TGME49_019270,oxidation of M:14,2,1629.91,1.88936e-11,0
973,1.6597.6597.3.dta,LPGGPSWMEPEDPTSANVIEKVR,62.9963,2507.2,0,14924,1,23,Rnd1gb|TGME49_013380 Rnd1gb|TGME49_013380,,3,2508.23,0.022174,0
974,1.6599.6615.2.dta,MDHESIEVRAPSPDTLER,0.839022,2079.55,0,18186,610,627,Rnd2gb|TGME49_026940 Rnd2gb|TGME49_026940,,3,2080.99,0.000221436,0
974,1.6599.6615.2.dta,EAAGALDGNVKDVK,68.7455,1386.36,0,8773,605,618,Rnd1gb|TGME49_056800 Rnd1gb|TGME49_056800,,2,1385.71,0.0113648,0
974,1.6599.6615.2.dta,mHLDTLERISR,82.1684,1386.36,0,28676,176,186,Rnd3gb|TGME49_067760 Rnd3gb|TGME49_067760,oxidation of M:1,2,1385.71,0.0135838,0
976,1.6606.6606.2.dta,SEWAAFKPGVLSAEDNHGQDCDSDPHAIVR,83.6238,3307.4,0,13041,1561,1590,Rnd1gb|TGME49_085470 Rnd1gb|TGME49_085470,,3,3307.49,0.0507426,0
984,1.6655.6660.2.dta,FLDPIDELPEPFK,8.46023e-09,1558.9,0,6827,94,106,gb|TGME49_016650 gb|TGME49_016650,,2,1558.79,1.62603e-12,0
984,1.6655.6660.2.dta,FLDIQLRGGTGQVR,6.33005,1558.9,0,26614,2888,2901,Rnd3gb|TGME49_042620 Rnd3gb|TGME49_042620,,2,1558.86,0.00121662,0
984,1.6655.6660.2.dta,VQAVNVVSCIKTPGATGAEPAAAK,65.9346,2338.36,0,30402,1146,1169,Rnd3gb|TGME49_078660 Rnd3gb|TGME49_078660,,3,2338.23,0.0208852,0
986,1.6676.6676.2.dta,NCTFVDLGYCPALASVCFIHASGTLLATESGEQMLR,47.2059,3986.54,0,5695,223,258,gb|TGME49_119650 gb|TGME49_119650,,3,3987.86,0.0432685,0
992,1.6713.6844.2.dta,SMEPNGTLPRDSSSFALHNPR,38.9722,2313.59,0,23790,437,457,Rnd2gb|TGME49_000280 Rnd2gb|TGME49_000280,,3,2312.1,0.0127028,0
993,1.6718.6725.3.dta,LSQmEPLLQmDYSFPSTIVLVGVPK,1.62836e-15,2823.64,0,5926,43,67,gb|TGME49_022860 gb|TGME49_022860,"oxidation of M:4 ,oxidation of M:10",3,2823.44,6.97073e-19,0
993,1.6718.6725.3.dta,LQRQELRPSFLPFSVQVGELAPLAK,47.83,2823.64,0,8923,426,450,Rnd1gb|TGME49_058630 Rnd1gb|TGME49_058630,,3,2822.58,0.0204752,0
995,1.6730.6730.2.dta,QAEELDATWGSAEEHFVATRIAYR,30.6179,2747.87,0,5177,50,73,gb|TGME49_052060 gb|TGME49_052060,,3,2749.31,0.0125175,0
997,1.6734.6741.3.dta,TCALSAGFFRPSVISSGPLGFTPRGHK,42.8411,2846.32,0,12651,1321,1347,Rnd1gb|TGME49_067370 Rnd1gb|TGME49_067370,,3,2846.46,0.0186023,0
1000,1.6753.6753.4.dta,VPmMVRWEGEPVGLVVQLRPR,2.78513,2464.71,0,20006,765,785,Rnd2gb|TGME49_033080 Rnd2gb|TGME49_033080,oxidation of M:3,3,2463.32,0.000959729,0
1000,1.6753.6753.4.dta,VPMmVRWEGEPVGLVVQLRPR,2.78513,2464.71,0,20006,765,785,Rnd2gb|TGME49_033080 Rnd2gb|TGME49_033080,oxidation of M:4,3,2463.32,0.000959729,0
1007,1.6776.6776.4.dta,QQSPTLPSMTLHEPSERAFIR,94.5991,2424.39,0,9128,297,317,Rnd1gb|TGME49_061490 Rnd1gb|TGME49_061490,,3,2424.22,0.0326316,0
1011,1.6790.6790.3.dta,GTLmELGISPIVTSGmVmQLLAGSR,4.85866e-10,2608.66,0,1529,76,100,gb|TGME49_069980 gb|TGME49_069980,"oxidation of M:4 ,oxidation of M:16 ,oxidation of M:18",3,2608.32,1.90089e-13,0
1016,1.6814.6814.2.dta,NSGVAGPEREAGDLISQmAQVR,53.8215,2300.05,0,30303,607,628,Rnd3gb|TGME49_077560 Rnd3gb|TGME49_077560,oxidation of M:18,3,2300.12,0.0168614,0
1017,1.6814.6814.3.dta,NSGVAGPEREAGDLISQmAQVR,53.8215,2300.05,0,30303,607,628,Rnd3gb|TGME49_077560 Rnd3gb|TGME49_077560,oxidation of M:18,3,2300.12,0.0168614,0
1021,1.6825.6837.2.dta,LHEDLCSLALASPSQK,80.4067,1768.65,0,19539,639,654,Rnd2gb|TGME49_004280 Rnd2gb|TGME49_004280,,3,1767.88,0.0183117,0
1028,1.6872.6872.2.dta,TAHAPITNSGQPPGATKTAVIESSIK,67.5648,2574.57,0,15088,62,87,Rnd1gb|TGME49_010960 Rnd1gb|TGME49_010960,,3,2575.36,0.0249962,0
1029,1.6877.6877.2.dta,CSQFCTASPSEDSVTFRDAAECDK,57.9598,2767.94,0,8162,10,33,Rnd1gb|TGME49_110710 Rnd1gb|TGME49_110710,,3,2767.11,0.0246114,0
1035,1.6912.6912.2.dta,EAADmVLADDNFSTIVAAVEEGR,1.88316e-05,2438.71,0,3806,795,817,gb|TGME49_030420 gb|TGME49_030420,oxidation of M:5,2,2438.13,6.67549e-09,0
1036,1.6926.6926.2.dta,NLHGSSPLLATVEESNFQDASEVLKPIVSR,82.5294,3237.59,0,20029,76,105,Rnd2gb|TGME49_033310 Rnd2gb|TGME49_033310,,3,3236.67,0.0495077,0
1037,1.6942.6942.4.dta,APDFACIRSDHTAPVSLQHSGSR,8.37749,2509.21,0,22547,203,225,Rnd2gb|TGME49_019530 Rnd2gb|TGME49_019530,,3,2508.19,0.00304636,0
1037,1.6942.6942.4.dta,TAFNEGTAAGDAAGSEAGmILRVER,55.078,2509.21,0,6145,85,109,gb|TGME49_104980 gb|TGME49_104980,oxidation of M:19,3,2509.18,0.0200284,0
1049,1.7014.7087.3.dta,AAAEDPLVFVVVKEVPIHSR,62.5489,2175.97,0,26072,586,605,Rnd3gb|TGME49_025770 Rnd3gb|TGME49_025770,,3,2175.2,0.0176293,0
1058,1.7045.7045.4.dta,TAGQIPEVWRSAWPPSAPVEFVR,24.918,2580.19,0,14630,185,207,Rnd1gb|TGME49_014520 Rnd1gb|TGME49_014520,,3,2579.33,0.00928737,0
1067,1.7101.7101.2.dta,HCDDACNNAACQMDLGDCGGDCELDKEK,24.179,3255.8,0,1887,1392,1419,gb|TGME49_023480 gb|TGME49_023480,,3,3257.18,0.0140331,0
1068,1.7105.7105.3.dta,NQDNDIYALCLLACSEDPQLSR,9.63452,2595.67,0,1910,262,283,gb|TGME49_023710 gb|TGME49_023710,,3,2594.17,0.00366471,0
1068,1.7105.7105.3.dta,NISFPESYAGSFYASAAMEVLQSK,19.1788,2595.67,0,20644,107,130,Rnd2gb|TGME49_067370 Rnd2gb|TGME49_067370,,3,2596.21,0.0072951,0
1077,1.7182.7311.2.dta,VVSELAGSQTRSAR,0.382785,1461.18,0,23106,1533,1546,Rnd2gb|TGME49_011310 Rnd2gb|TGME49_011310,,3,1459.77,6.61457e-05,0
1084,1.7224.7224.2.dta,GMSSQVHAQSLSGEIGASTFSATFCDDLALGDR,31.1011,3415.05,0,19096,561,593,Rnd2gb|TGME49_049230 Rnd2gb|TGME49_049230,,3,3414.54,0.0201171,0
1085,1.7224.7224.3.dta,GMSSQVHAQSLSGEIGASTFSATFCDDLALGDR,31.1011,3415.05,0,19096,561,593,Rnd2gb|TGME49_049230 Rnd2gb|TGME49_049230,,3,3414.54,0.0201171,0
1116,1.7406.8001.2.dta,QVLVNKLTSSQEGVIR,86.9023,1771.07,0,10325,779,794,Rnd1gb|TGME49_028670 Rnd1gb|TGME49_028670,,3,1770,0.0194892,0
1149,1.7665.7665.3.dta,AIVKHQLQPYLGAGYVSK,50.0754,1972.17,0,16990,22,39,Rnd2gb|TGME49_059570 Rnd2gb|TGME49_059570,,3,1971.09,0.012469,0
1189,1.8130.8566.3.dta,VYQAQGFAGAQRVFFELTATK,76.5691,2330.24,0,30228,2454,2474,Rnd3gb|TGME49_106340 Rnd3gb|TGME49_106340,,3,2331.2,0.0243851,0
1285,1.8946.8946.1.dta,VAGRGVSLGVAGEAK,34.22,1371.1,0,2993,1471,1485,gb|TGME49_047730 gb|TGME49_047730,,3,1369.77,0.00593479,0
